fecha,turno,loteria,posicion,numero,sorteo_nro
2025-07-21,Nocturna,Provincia,1,5472,12512
2025-07-21,Nocturna,Provincia,2,9798,12512
2025-07-21,Nocturna,Provincia,3,9365,12512
2025-07-21,Nocturna,Provincia,4,5894,12512
2025-07-21,Nocturna,Provincia,5,4753,12512
2025-07-21,Nocturna,Provincia,6,1776,12512
2025-07-21,Nocturna,Provincia,7,9820,12512
2025-07-21,Nocturna,Provincia,8,2190,12512
2025-07-21,Nocturna,Provincia,9,4273,12512
2025-07-21,Nocturna,Provincia,10,5935,12512
2025-07-21,Nocturna,Provincia,11,7912,12512
2025-07-21,Nocturna,Provincia,12,2217,12512
2025-07-21,Nocturna,Provincia,13,4554,12512
2025-07-21,Nocturna,Provincia,14,4680,12512
2025-07-21,Nocturna,Provincia,15,6019,12512
2025-07-21,Nocturna,Provincia,16,8561,12512
2025-07-21,Nocturna,Provincia,17,5262,12512
2025-07-21,Nocturna,Provincia,18,8261,12512
2025-07-21,Nocturna,Provincia,19,8224,12512
2025-07-21,Nocturna,Provincia,20,7744,12512
2025-07-22,Nocturna,Provincia,1,7137,12513
2025-07-22,Nocturna,Provincia,2,5555,12513
2025-07-22,Nocturna,Provincia,3,3202,12513
2025-07-22,Nocturna,Provincia,4,3987,12513
2025-07-22,Nocturna,Provincia,5,7698,12513
2025-07-22,Nocturna,Provincia,6,6802,12513
2025-07-22,Nocturna,Provincia,7,7973,12513
2025-07-22,Nocturna,Provincia,8,2857,12513
2025-07-22,Nocturna,Provincia,9,7687,12513
2025-07-22,Nocturna,Provincia,10,7712,12513
2025-07-22,Nocturna,Provincia,11,6486,12513
2025-07-22,Nocturna,Provincia,12,0235,12513
2025-07-22,Nocturna,Provincia,13,6711,12513
2025-07-22,Nocturna,Provincia,14,7251,12513
2025-07-22,Nocturna,Provincia,15,1967,12513
2025-07-22,Nocturna,Provincia,16,7542,12513
2025-07-22,Nocturna,Provincia,17,0841,12513
2025-07-22,Nocturna,Provincia,18,1280,12513
2025-07-22,Nocturna,Provincia,19,2898,12513
2025-07-22,Nocturna,Provincia,20,2394,12513
2025-07-23,Nocturna,Provincia,1,3575,12514
2025-07-23,Nocturna,Provincia,2,9368,12514
2025-07-23,Nocturna,Provincia,3,2918,12514
2025-07-23,Nocturna,Provincia,4,6927,12514
2025-07-23,Nocturna,Provincia,5,9025,12514
2025-07-23,Nocturna,Provincia,6,3520,12514
2025-07-23,Nocturna,Provincia,7,7306,12514
2025-07-23,Nocturna,Provincia,8,9474,12514
2025-07-23,Nocturna,Provincia,9,7867,12514
2025-07-23,Nocturna,Provincia,10,8023,12514
2025-07-23,Nocturna,Provincia,11,4748,12514
2025-07-23,Nocturna,Provincia,12,4293,12514
2025-07-23,Nocturna,Provincia,13,9865,12514
2025-07-23,Nocturna,Provincia,14,4132,12514
2025-07-23,Nocturna,Provincia,15,8948,12514
2025-07-23,Nocturna,Provincia,16,9236,12514
2025-07-23,Nocturna,Provincia,17,1672,12514
2025-07-23,Nocturna,Provincia,18,0630,12514
2025-07-23,Nocturna,Provincia,19,3580,12514
2025-07-23,Nocturna,Provincia,20,9665,12514
2025-07-24,Nocturna,Provincia,1,6842,12515
2025-07-24,Nocturna,Provincia,2,4162,12515
2025-07-24,Nocturna,Provincia,3,6701,12515
2025-07-24,Nocturna,Provincia,4,9907,12515
2025-07-24,Nocturna,Provincia,5,4119,12515
2025-07-24,Nocturna,Provincia,6,3359,12515
2025-07-24,Nocturna,Provincia,7,6251,12515
2025-07-24,Nocturna,Provincia,8,9367,12515
2025-07-24,Nocturna,Provincia,9,9346,12515
2025-07-24,Nocturna,Provincia,10,0940,12515
2025-07-24,Nocturna,Provincia,11,2898,12515
2025-07-24,Nocturna,Provincia,12,8722,12515
2025-07-24,Nocturna,Provincia,13,4327,12515
2025-07-24,Nocturna,Provincia,14,0084,12515
2025-07-24,Nocturna,Provincia,15,7863,12515
2025-07-24,Nocturna,Provincia,16,0690,12515
2025-07-24,Nocturna,Provincia,17,3280,12515
2025-07-24,Nocturna,Provincia,18,6999,12515
2025-07-24,Nocturna,Provincia,19,4332,12515
2025-07-24,Nocturna,Provincia,20,9048,12515
2025-07-25,Nocturna,Provincia,1,2477,12516
2025-07-25,Nocturna,Provincia,2,2525,12516
2025-07-25,Nocturna,Provincia,3,5457,12516
2025-07-25,Nocturna,Provincia,4,6462,12516
2025-07-25,Nocturna,Provincia,5,7303,12516
2025-07-25,Nocturna,Provincia,6,0825,12516
2025-07-25,Nocturna,Provincia,7,3913,12516
2025-07-25,Nocturna,Provincia,8,9602,12516
2025-07-25,Nocturna,Provincia,9,7875,12516
2025-07-25,Nocturna,Provincia,10,5805,12516
2025-07-25,Nocturna,Provincia,11,5420,12516
2025-07-25,Nocturna,Provincia,12,2127,12516
2025-07-25,Nocturna,Provincia,13,4725,12516
2025-07-25,Nocturna,Provincia,14,3529,12516
2025-07-25,Nocturna,Provincia,15,4807,12516
2025-07-25,Nocturna,Provincia,16,1592,12516
2025-07-25,Nocturna,Provincia,17,0528,12516
2025-07-25,Nocturna,Provincia,18,6226,12516
2025-07-25,Nocturna,Provincia,19,5879,12516
2025-07-25,Nocturna,Provincia,20,3266,12516
2025-07-26,Nocturna,Provincia,1,2485,12517
2025-07-26,Nocturna,Provincia,2,1522,12517
2025-07-26,Nocturna,Provincia,3,3567,12517
2025-07-26,Nocturna,Provincia,4,4356,12517
2025-07-26,Nocturna,Provincia,5,5038,12517
2025-07-26,Nocturna,Provincia,6,1793,12517
2025-07-26,Nocturna,Provincia,7,7323,12517
2025-07-26,Nocturna,Provincia,8,5647,12517
2025-07-26,Nocturna,Provincia,9,6861,12517
2025-07-26,Nocturna,Provincia,10,5396,12517
2025-07-26,Nocturna,Provincia,11,9993,12517
2025-07-26,Nocturna,Provincia,12,7032,12517
2025-07-26,Nocturna,Provincia,13,7918,12517
2025-07-26,Nocturna,Provincia,14,6405,12517
2025-07-26,Nocturna,Provincia,15,6188,12517
2025-07-26,Nocturna,Provincia,16,0771,12517
2025-07-26,Nocturna,Provincia,17,2225,12517
2025-07-26,Nocturna,Provincia,18,8221,12517
2025-07-26,Nocturna,Provincia,19,5157,12517
2025-07-26,Nocturna,Provincia,20,4741,12517
2025-07-28,Nocturna,Provincia,1,8997,12518
2025-07-28,Nocturna,Provincia,2,4372,12518
2025-07-28,Nocturna,Provincia,3,5331,12518
2025-07-28,Nocturna,Provincia,4,9948,12518
2025-07-28,Nocturna,Provincia,5,9333,12518
2025-07-28,Nocturna,Provincia,6,3069,12518
2025-07-28,Nocturna,Provincia,7,5772,12518
2025-07-28,Nocturna,Provincia,8,9817,12518
2025-07-28,Nocturna,Provincia,9,8903,12518
2025-07-28,Nocturna,Provincia,10,9842,12518
2025-07-28,Nocturna,Provincia,11,8806,12518
2025-07-28,Nocturna,Provincia,12,2712,12518
2025-07-28,Nocturna,Provincia,13,6932,12518
2025-07-28,Nocturna,Provincia,14,2238,12518
2025-07-28,Nocturna,Provincia,15,7731,12518
2025-07-28,Nocturna,Provincia,16,2118,12518
2025-07-28,Nocturna,Provincia,17,9204,12518
2025-07-28,Nocturna,Provincia,18,8069,12518
2025-07-28,Nocturna,Provincia,19,5110,12518
2025-07-28,Nocturna,Provincia,20,4367,12518
2025-07-29,Nocturna,Provincia,1,5478,12519
2025-07-29,Nocturna,Provincia,2,2489,12519
2025-07-29,Nocturna,Provincia,3,4720,12519
2025-07-29,Nocturna,Provincia,4,8426,12519
2025-07-29,Nocturna,Provincia,5,1663,12519
2025-07-29,Nocturna,Provincia,6,7948,12519
2025-07-29,Nocturna,Provincia,7,0976,12519
2025-07-29,Nocturna,Provincia,8,3760,12519
2025-07-29,Nocturna,Provincia,9,0574,12519
2025-07-29,Nocturna,Provincia,10,9193,12519
2025-07-29,Nocturna,Provincia,11,7979,12519
2025-07-29,Nocturna,Provincia,12,2916,12519
2025-07-29,Nocturna,Provincia,13,9767,12519
2025-07-29,Nocturna,Provincia,14,2814,12519
2025-07-29,Nocturna,Provincia,15,6961,12519
2025-07-29,Nocturna,Provincia,16,3284,12519
2025-07-29,Nocturna,Provincia,17,7447,12519
2025-07-29,Nocturna,Provincia,18,0055,12519
2025-07-29,Nocturna,Provincia,19,6749,12519
2025-07-29,Nocturna,Provincia,20,7635,12519
2025-07-30,Nocturna,Provincia,1,7000,12520
2025-07-30,Nocturna,Provincia,2,0425,12520
2025-07-30,Nocturna,Provincia,3,0984,12520
2025-07-30,Nocturna,Provincia,4,9127,12520
2025-07-30,Nocturna,Provincia,5,9271,12520
2025-07-30,Nocturna,Provincia,6,1496,12520
2025-07-30,Nocturna,Provincia,7,9035,12520
2025-07-30,Nocturna,Provincia,8,2619,12520
2025-07-30,Nocturna,Provincia,9,3217,12520
2025-07-30,Nocturna,Provincia,10,9780,12520
2025-07-30,Nocturna,Provincia,11,6136,12520
2025-07-30,Nocturna,Provincia,12,6437,12520
2025-07-30,Nocturna,Provincia,13,1001,12520
2025-07-30,Nocturna,Provincia,14,0309,12520
2025-07-30,Nocturna,Provincia,15,5636,12520
2025-07-30,Nocturna,Provincia,16,7205,12520
2025-07-30,Nocturna,Provincia,17,5064,12520
2025-07-30,Nocturna,Provincia,18,0998,12520
2025-07-30,Nocturna,Provincia,19,2210,12520
2025-07-30,Nocturna,Provincia,20,9767,12520
2025-07-31,Nocturna,Provincia,1,9983,12521
2025-07-31,Nocturna,Provincia,2,3737,12521
2025-07-31,Nocturna,Provincia,3,4757,12521
2025-07-31,Nocturna,Provincia,4,6761,12521
2025-07-31,Nocturna,Provincia,5,8719,12521
2025-07-31,Nocturna,Provincia,6,8791,12521
2025-07-31,Nocturna,Provincia,7,1461,12521
2025-07-31,Nocturna,Provincia,8,9913,12521
2025-07-31,Nocturna,Provincia,9,8332,12521
2025-07-31,Nocturna,Provincia,10,4662,12521
2025-07-31,Nocturna,Provincia,11,6474,12521
2025-07-31,Nocturna,Provincia,12,9370,12521
2025-07-31,Nocturna,Provincia,13,6501,12521
2025-07-31,Nocturna,Provincia,14,8580,12521
2025-07-31,Nocturna,Provincia,15,8101,12521
2025-07-31,Nocturna,Provincia,16,2198,12521
2025-07-31,Nocturna,Provincia,17,8713,12521
2025-07-31,Nocturna,Provincia,18,7225,12521
2025-07-31,Nocturna,Provincia,19,8731,12521
2025-07-31,Nocturna,Provincia,20,1343,12521
2025-08-01,Nocturna,Provincia,1,1150,12522
2025-08-01,Nocturna,Provincia,2,2890,12522
2025-08-01,Nocturna,Provincia,3,2459,12522
2025-08-01,Nocturna,Provincia,4,6230,12522
2025-08-01,Nocturna,Provincia,5,2154,12522
2025-08-01,Nocturna,Provincia,6,3274,12522
2025-08-01,Nocturna,Provincia,7,0752,12522
2025-08-01,Nocturna,Provincia,8,2289,12522
2025-08-01,Nocturna,Provincia,9,0289,12522
2025-08-01,Nocturna,Provincia,10,4127,12522
2025-08-01,Nocturna,Provincia,11,8228,12522
2025-08-01,Nocturna,Provincia,12,3480,12522
2025-08-01,Nocturna,Provincia,13,7893,12522
2025-08-01,Nocturna,Provincia,14,5476,12522
2025-08-01,Nocturna,Provincia,15,1171,12522
2025-08-01,Nocturna,Provincia,16,7966,12522
2025-08-01,Nocturna,Provincia,17,1161,12522
2025-08-01,Nocturna,Provincia,18,6989,12522
2025-08-01,Nocturna,Provincia,19,2463,12522
2025-08-01,Nocturna,Provincia,20,8528,12522
2025-08-02,Nocturna,Provincia,1,4253,12523
2025-08-02,Nocturna,Provincia,2,1917,12523
2025-08-02,Nocturna,Provincia,3,9617,12523
2025-08-02,Nocturna,Provincia,4,8946,12523
2025-08-02,Nocturna,Provincia,5,5553,12523
2025-08-02,Nocturna,Provincia,6,0935,12523
2025-08-02,Nocturna,Provincia,7,0764,12523
2025-08-02,Nocturna,Provincia,8,4327,12523
2025-08-02,Nocturna,Provincia,9,0738,12523
2025-08-02,Nocturna,Provincia,10,0342,12523
2025-08-02,Nocturna,Provincia,11,9887,12523
2025-08-02,Nocturna,Provincia,12,3195,12523
2025-08-02,Nocturna,Provincia,13,5037,12523
2025-08-02,Nocturna,Provincia,14,3137,12523
2025-08-02,Nocturna,Provincia,15,5014,12523
2025-08-02,Nocturna,Provincia,16,1910,12523
2025-08-02,Nocturna,Provincia,17,0291,12523
2025-08-02,Nocturna,Provincia,18,5883,12523
2025-08-02,Nocturna,Provincia,19,6356,12523
2025-08-02,Nocturna,Provincia,20,3233,12523
2025-08-04,Nocturna,Provincia,1,1641,12524
2025-08-04,Nocturna,Provincia,2,3910,12524
2025-08-04,Nocturna,Provincia,3,7884,12524
2025-08-04,Nocturna,Provincia,4,6976,12524
2025-08-04,Nocturna,Provincia,5,8668,12524
2025-08-04,Nocturna,Provincia,6,4864,12524
2025-08-04,Nocturna,Provincia,7,7614,12524
2025-08-04,Nocturna,Provincia,8,5685,12524
2025-08-04,Nocturna,Provincia,9,6351,12524
2025-08-04,Nocturna,Provincia,10,0786,12524
2025-08-04,Nocturna,Provincia,11,9639,12524
2025-08-04,Nocturna,Provincia,12,2103,12524
2025-08-04,Nocturna,Provincia,13,6560,12524
2025-08-04,Nocturna,Provincia,14,3770,12524
2025-08-04,Nocturna,Provincia,15,9483,12524
2025-08-04,Nocturna,Provincia,16,2386,12524
2025-08-04,Nocturna,Provincia,17,6720,12524
2025-08-04,Nocturna,Provincia,18,6727,12524
2025-08-04,Nocturna,Provincia,19,9677,12524
2025-08-04,Nocturna,Provincia,20,8438,12524
2025-08-05,Nocturna,Provincia,1,5715,12525
2025-08-05,Nocturna,Provincia,2,3020,12525
2025-08-05,Nocturna,Provincia,3,6807,12525
2025-08-05,Nocturna,Provincia,4,8380,12525
2025-08-05,Nocturna,Provincia,5,6481,12525
2025-08-05,Nocturna,Provincia,6,1147,12525
2025-08-05,Nocturna,Provincia,7,9594,12525
2025-08-05,Nocturna,Provincia,8,8767,12525
2025-08-05,Nocturna,Provincia,9,2933,12525
2025-08-05,Nocturna,Provincia,10,4687,12525
2025-08-05,Nocturna,Provincia,11,2885,12525
2025-08-05,Nocturna,Provincia,12,9681,12525
2025-08-05,Nocturna,Provincia,13,4420,12525
2025-08-05,Nocturna,Provincia,14,8803,12525
2025-08-05,Nocturna,Provincia,15,4394,12525
2025-08-05,Nocturna,Provincia,16,1039,12525
2025-08-05,Nocturna,Provincia,17,2398,12525
2025-08-05,Nocturna,Provincia,18,1579,12525
2025-08-05,Nocturna,Provincia,19,5260,12525
2025-08-05,Nocturna,Provincia,20,7861,12525
2025-08-06,Nocturna,Provincia,1,5102,12526
2025-08-06,Nocturna,Provincia,2,4650,12526
2025-08-06,Nocturna,Provincia,3,1340,12526
2025-08-06,Nocturna,Provincia,4,6855,12526
2025-08-06,Nocturna,Provincia,5,0445,12526
2025-08-06,Nocturna,Provincia,6,3380,12526
2025-08-06,Nocturna,Provincia,7,3514,12526
2025-08-06,Nocturna,Provincia,8,1314,12526
2025-08-06,Nocturna,Provincia,9,0357,12526
2025-08-06,Nocturna,Provincia,10,9623,12526
2025-08-06,Nocturna,Provincia,11,2705,12526
2025-08-06,Nocturna,Provincia,12,8084,12526
2025-08-06,Nocturna,Provincia,13,4754,12526
2025-08-06,Nocturna,Provincia,14,2941,12526
2025-08-06,Nocturna,Provincia,15,6333,12526
2025-08-06,Nocturna,Provincia,16,1444,12526
2025-08-06,Nocturna,Provincia,17,3603,12526
2025-08-06,Nocturna,Provincia,18,2382,12526
2025-08-06,Nocturna,Provincia,19,6703,12526
2025-08-06,Nocturna,Provincia,20,3357,12526
2025-08-07,Nocturna,Provincia,1,5135,12527
2025-08-07,Nocturna,Provincia,2,5147,12527
2025-08-07,Nocturna,Provincia,3,5648,12527
2025-08-07,Nocturna,Provincia,4,8802,12527
2025-08-07,Nocturna,Provincia,5,3591,12527
2025-08-07,Nocturna,Provincia,6,0067,12527
2025-08-07,Nocturna,Provincia,7,8405,12527
2025-08-07,Nocturna,Provincia,8,8770,12527
2025-08-07,Nocturna,Provincia,9,7229,12527
2025-08-07,Nocturna,Provincia,10,4672,12527
2025-08-07,Nocturna,Provincia,11,2269,12527
2025-08-07,Nocturna,Provincia,12,3509,12527
2025-08-07,Nocturna,Provincia,13,2897,12527
2025-08-07,Nocturna,Provincia,14,3410,12527
2025-08-07,Nocturna,Provincia,15,8167,12527
2025-08-07,Nocturna,Provincia,16,8255,12527
2025-08-07,Nocturna,Provincia,17,8124,12527
2025-08-07,Nocturna,Provincia,18,1073,12527
2025-08-07,Nocturna,Provincia,19,7062,12527
2025-08-07,Nocturna,Provincia,20,9189,12527
2025-08-08,Nocturna,Provincia,1,1550,12528
2025-08-08,Nocturna,Provincia,2,9172,12528
2025-08-08,Nocturna,Provincia,3,0430,12528
2025-08-08,Nocturna,Provincia,4,0411,12528
2025-08-08,Nocturna,Provincia,5,4633,12528
2025-08-08,Nocturna,Provincia,6,4136,12528
2025-08-08,Nocturna,Provincia,7,9867,12528
2025-08-08,Nocturna,Provincia,8,5382,12528
2025-08-08,Nocturna,Provincia,9,5289,12528
2025-08-08,Nocturna,Provincia,10,7749,12528
2025-08-08,Nocturna,Provincia,11,2981,12528
2025-08-08,Nocturna,Provincia,12,8558,12528
2025-08-08,Nocturna,Provincia,13,2945,12528
2025-08-08,Nocturna,Provincia,14,8654,12528
2025-08-08,Nocturna,Provincia,15,4638,12528
2025-08-08,Nocturna,Provincia,16,9768,12528
2025-08-08,Nocturna,Provincia,17,1060,12528
2025-08-08,Nocturna,Provincia,18,6674,12528
2025-08-08,Nocturna,Provincia,19,4075,12528
2025-08-08,Nocturna,Provincia,20,2462,12528
2025-08-09,Nocturna,Provincia,1,4718,12529
2025-08-09,Nocturna,Provincia,2,2252,12529
2025-08-09,Nocturna,Provincia,3,2459,12529
2025-08-09,Nocturna,Provincia,4,9355,12529
2025-08-09,Nocturna,Provincia,5,7686,12529
2025-08-09,Nocturna,Provincia,6,2326,12529
2025-08-09,Nocturna,Provincia,7,2984,12529
2025-08-09,Nocturna,Provincia,8,7736,12529
2025-08-09,Nocturna,Provincia,9,4935,12529
2025-08-09,Nocturna,Provincia,10,4385,12529
2025-08-09,Nocturna,Provincia,11,7222,12529
2025-08-09,Nocturna,Provincia,12,6809,12529
2025-08-09,Nocturna,Provincia,13,8861,12529
2025-08-09,Nocturna,Provincia,14,0604,12529
2025-08-09,Nocturna,Provincia,15,2767,12529
2025-08-09,Nocturna,Provincia,16,9956,12529
2025-08-09,Nocturna,Provincia,17,2386,12529
2025-08-09,Nocturna,Provincia,18,9277,12529
2025-08-09,Nocturna,Provincia,19,8868,12529
2025-08-09,Nocturna,Provincia,20,6489,12529
2025-08-11,Nocturna,Provincia,1,5802,12530
2025-08-11,Nocturna,Provincia,2,5050,12530
2025-08-11,Nocturna,Provincia,3,5606,12530
2025-08-11,Nocturna,Provincia,4,9720,12530
2025-08-11,Nocturna,Provincia,5,2257,12530
2025-08-11,Nocturna,Provincia,6,7417,12530
2025-08-11,Nocturna,Provincia,7,5760,12530
2025-08-11,Nocturna,Provincia,8,7526,12530
2025-08-11,Nocturna,Provincia,9,1098,12530
2025-08-11,Nocturna,Provincia,10,6183,12530
2025-08-11,Nocturna,Provincia,11,4428,12530
2025-08-11,Nocturna,Provincia,12,3339,12530
2025-08-11,Nocturna,Provincia,13,9437,12530
2025-08-11,Nocturna,Provincia,14,0977,12530
2025-08-11,Nocturna,Provincia,15,2512,12530
2025-08-11,Nocturna,Provincia,16,8017,12530
2025-08-11,Nocturna,Provincia,17,5899,12530
2025-08-11,Nocturna,Provincia,18,6399,12530
2025-08-11,Nocturna,Provincia,19,5566,12530
2025-08-11,Nocturna,Provincia,20,2012,12530
2025-08-12,Nocturna,Provincia,1,7882,12531
2025-08-12,Nocturna,Provincia,2,2641,12531
2025-08-12,Nocturna,Provincia,3,2407,12531
2025-08-12,Nocturna,Provincia,4,3198,12531
2025-08-12,Nocturna,Provincia,5,4174,12531
2025-08-12,Nocturna,Provincia,6,9516,12531
2025-08-12,Nocturna,Provincia,7,9319,12531
2025-08-12,Nocturna,Provincia,8,4779,12531
2025-08-12,Nocturna,Provincia,9,0334,12531
2025-08-12,Nocturna,Provincia,10,9557,12531
2025-08-12,Nocturna,Provincia,11,0789,12531
2025-08-12,Nocturna,Provincia,12,4392,12531
2025-08-12,Nocturna,Provincia,13,2166,12531
2025-08-12,Nocturna,Provincia,14,4073,12531
2025-08-12,Nocturna,Provincia,15,3813,12531
2025-08-12,Nocturna,Provincia,16,3881,12531
2025-08-12,Nocturna,Provincia,17,7276,12531
2025-08-12,Nocturna,Provincia,18,0017,12531
2025-08-12,Nocturna,Provincia,19,0576,12531
2025-08-12,Nocturna,Provincia,20,1058,12531
2025-08-13,Nocturna,Provincia,1,1612,12532
2025-08-13,Nocturna,Provincia,2,3704,12532
2025-08-13,Nocturna,Provincia,3,5883,12532
2025-08-13,Nocturna,Provincia,4,9246,12532
2025-08-13,Nocturna,Provincia,5,1481,12532
2025-08-13,Nocturna,Provincia,6,1244,12532
2025-08-13,Nocturna,Provincia,7,3997,12532
2025-08-13,Nocturna,Provincia,8,6012,12532
2025-08-13,Nocturna,Provincia,9,9332,12532
2025-08-13,Nocturna,Provincia,10,9263,12532
2025-08-13,Nocturna,Provincia,11,5400,12532
2025-08-13,Nocturna,Provincia,12,3451,12532
2025-08-13,Nocturna,Provincia,13,6226,12532
2025-08-13,Nocturna,Provincia,14,8788,12532
2025-08-13,Nocturna,Provincia,15,6132,12532
2025-08-13,Nocturna,Provincia,16,9134,12532
2025-08-13,Nocturna,Provincia,17,0670,12532
2025-08-13,Nocturna,Provincia,18,7945,12532
2025-08-13,Nocturna,Provincia,19,1194,12532
2025-08-13,Nocturna,Provincia,20,3837,12532
2025-08-14,Nocturna,Provincia,1,2131,12533
2025-08-14,Nocturna,Provincia,2,2833,12533
2025-08-14,Nocturna,Provincia,3,3071,12533
2025-08-14,Nocturna,Provincia,4,6871,12533
2025-08-14,Nocturna,Provincia,5,1270,12533
2025-08-14,Nocturna,Provincia,6,0050,12533
2025-08-14,Nocturna,Provincia,7,4983,12533
2025-08-14,Nocturna,Provincia,8,1226,12533
2025-08-14,Nocturna,Provincia,9,1587,12533
2025-08-14,Nocturna,Provincia,10,4851,12533
2025-08-14,Nocturna,Provincia,11,5348,12533
2025-08-14,Nocturna,Provincia,12,1244,12533
2025-08-14,Nocturna,Provincia,13,2132,12533
2025-08-14,Nocturna,Provincia,14,1492,12533
2025-08-14,Nocturna,Provincia,15,7513,12533
2025-08-14,Nocturna,Provincia,16,4483,12533
2025-08-14,Nocturna,Provincia,17,5831,12533
2025-08-14,Nocturna,Provincia,18,1616,12533
2025-08-14,Nocturna,Provincia,19,6638,12533
2025-08-14,Nocturna,Provincia,20,4264,12533
2025-08-15,Nocturna,Provincia,1,8247,12534
2025-08-15,Nocturna,Provincia,2,9028,12534
2025-08-15,Nocturna,Provincia,3,0310,12534
2025-08-15,Nocturna,Provincia,4,1338,12534
2025-08-15,Nocturna,Provincia,5,5808,12534
2025-08-15,Nocturna,Provincia,6,5305,12534
2025-08-15,Nocturna,Provincia,7,1827,12534
2025-08-15,Nocturna,Provincia,8,9923,12534
2025-08-15,Nocturna,Provincia,9,3498,12534
2025-08-15,Nocturna,Provincia,10,4896,12534
2025-08-15,Nocturna,Provincia,11,4149,12534
2025-08-15,Nocturna,Provincia,12,4286,12534
2025-08-15,Nocturna,Provincia,13,5243,12534
2025-08-15,Nocturna,Provincia,14,8317,12534
2025-08-15,Nocturna,Provincia,15,3903,12534
2025-08-15,Nocturna,Provincia,16,5257,12534
2025-08-15,Nocturna,Provincia,17,8789,12534
2025-08-15,Nocturna,Provincia,18,9186,12534
2025-08-15,Nocturna,Provincia,19,4020,12534
2025-08-15,Nocturna,Provincia,20,8083,12534
2025-08-16,Nocturna,Provincia,1,7077,12535
2025-08-16,Nocturna,Provincia,2,4498,12535
2025-08-16,Nocturna,Provincia,3,5805,12535
2025-08-16,Nocturna,Provincia,4,0930,12535
2025-08-16,Nocturna,Provincia,5,4924,12535
2025-08-16,Nocturna,Provincia,6,5370,12535
2025-08-16,Nocturna,Provincia,7,1266,12535
2025-08-16,Nocturna,Provincia,8,8688,12535
2025-08-16,Nocturna,Provincia,9,3891,12535
2025-08-16,Nocturna,Provincia,10,5470,12535
2025-08-16,Nocturna,Provincia,11,7471,12535
2025-08-16,Nocturna,Provincia,12,0129,12535
2025-08-16,Nocturna,Provincia,13,7311,12535
2025-08-16,Nocturna,Provincia,14,6976,12535
2025-08-16,Nocturna,Provincia,15,4227,12535
2025-08-16,Nocturna,Provincia,16,8920,12535
2025-08-16,Nocturna,Provincia,17,5914,12535
2025-08-16,Nocturna,Provincia,18,7958,12535
2025-08-16,Nocturna,Provincia,19,6627,12535
2025-08-16,Nocturna,Provincia,20,6783,12535
2025-08-18,Nocturna,Provincia,1,6255,12536
2025-08-18,Nocturna,Provincia,2,4493,12536
2025-08-18,Nocturna,Provincia,3,0285,12536
2025-08-18,Nocturna,Provincia,4,5686,12536
2025-08-18,Nocturna,Provincia,5,1715,12536
2025-08-18,Nocturna,Provincia,6,6350,12536
2025-08-18,Nocturna,Provincia,7,7618,12536
2025-08-18,Nocturna,Provincia,8,4280,12536
2025-08-18,Nocturna,Provincia,9,4075,12536
2025-08-18,Nocturna,Provincia,10,4878,12536
2025-08-18,Nocturna,Provincia,11,1350,12536
2025-08-18,Nocturna,Provincia,12,7366,12536
2025-08-18,Nocturna,Provincia,13,8467,12536
2025-08-18,Nocturna,Provincia,14,7755,12536
2025-08-18,Nocturna,Provincia,15,2169,12536
2025-08-18,Nocturna,Provincia,16,6864,12536
2025-08-18,Nocturna,Provincia,17,7135,12536
2025-08-18,Nocturna,Provincia,18,8805,12536
2025-08-18,Nocturna,Provincia,19,2026,12536
2025-08-18,Nocturna,Provincia,20,1397,12536
2025-08-19,Nocturna,Provincia,1,2820,12537
2025-08-19,Nocturna,Provincia,2,6398,12537
2025-08-19,Nocturna,Provincia,3,1785,12537
2025-08-19,Nocturna,Provincia,4,0690,12537
2025-08-19,Nocturna,Provincia,5,8656,12537
2025-08-19,Nocturna,Provincia,6,4082,12537
2025-08-19,Nocturna,Provincia,7,4514,12537
2025-08-19,Nocturna,Provincia,8,4034,12537
2025-08-19,Nocturna,Provincia,9,8612,12537
2025-08-19,Nocturna,Provincia,10,9763,12537
2025-08-19,Nocturna,Provincia,11,8963,12537
2025-08-19,Nocturna,Provincia,12,9617,12537
2025-08-19,Nocturna,Provincia,13,3617,12537
2025-08-19,Nocturna,Provincia,14,9512,12537
2025-08-19,Nocturna,Provincia,15,6031,12537
2025-08-19,Nocturna,Provincia,16,7541,12537
2025-08-19,Nocturna,Provincia,17,3766,12537
2025-08-19,Nocturna,Provincia,18,6677,12537
2025-08-19,Nocturna,Provincia,19,2587,12537
2025-08-19,Nocturna,Provincia,20,8933,12537
2025-08-20,Nocturna,Provincia,1,6258,12538
2025-08-20,Nocturna,Provincia,2,9952,12538
2025-08-20,Nocturna,Provincia,3,2871,12538
2025-08-20,Nocturna,Provincia,4,0592,12538
2025-08-20,Nocturna,Provincia,5,2210,12538
2025-08-20,Nocturna,Provincia,6,6318,12538
2025-08-20,Nocturna,Provincia,7,3824,12538
2025-08-20,Nocturna,Provincia,8,5749,12538
2025-08-20,Nocturna,Provincia,9,7203,12538
2025-08-20,Nocturna,Provincia,10,4965,12538
2025-08-20,Nocturna,Provincia,11,8207,12538
2025-08-20,Nocturna,Provincia,12,3284,12538
2025-08-20,Nocturna,Provincia,13,5059,12538
2025-08-20,Nocturna,Provincia,14,8552,12538
2025-08-20,Nocturna,Provincia,15,6040,12538
2025-08-20,Nocturna,Provincia,16,0652,12538
2025-08-20,Nocturna,Provincia,17,5278,12538
2025-08-20,Nocturna,Provincia,18,7862,12538
2025-08-20,Nocturna,Provincia,19,0289,12538
2025-08-20,Nocturna,Provincia,20,8358,12538
2025-08-21,Nocturna,Provincia,1,5633,12539
2025-08-21,Nocturna,Provincia,2,5629,12539
2025-08-21,Nocturna,Provincia,3,4693,12539
2025-08-21,Nocturna,Provincia,4,1240,12539
2025-08-21,Nocturna,Provincia,5,7672,12539
2025-08-21,Nocturna,Provincia,6,7390,12539
2025-08-21,Nocturna,Provincia,7,9259,12539
2025-08-21,Nocturna,Provincia,8,5844,12539
2025-08-21,Nocturna,Provincia,9,7778,12539
2025-08-21,Nocturna,Provincia,10,4803,12539
2025-08-21,Nocturna,Provincia,11,3412,12539
2025-08-21,Nocturna,Provincia,12,7779,12539
2025-08-21,Nocturna,Provincia,13,6011,12539
2025-08-21,Nocturna,Provincia,14,6306,12539
2025-08-21,Nocturna,Provincia,15,7060,12539
2025-08-21,Nocturna,Provincia,16,8720,12539
2025-08-21,Nocturna,Provincia,17,2951,12539
2025-08-21,Nocturna,Provincia,18,4868,12539
2025-08-21,Nocturna,Provincia,19,5202,12539
2025-08-21,Nocturna,Provincia,20,0591,12539
2025-08-22,Nocturna,Provincia,1,4987,12540
2025-08-22,Nocturna,Provincia,2,5944,12540
2025-08-22,Nocturna,Provincia,3,2762,12540
2025-08-22,Nocturna,Provincia,4,3409,12540
2025-08-22,Nocturna,Provincia,5,7041,12540
2025-08-22,Nocturna,Provincia,6,1174,12540
2025-08-22,Nocturna,Provincia,7,5840,12540
2025-08-22,Nocturna,Provincia,8,8034,12540
2025-08-22,Nocturna,Provincia,9,8198,12540
2025-08-22,Nocturna,Provincia,10,9247,12540
2025-08-22,Nocturna,Provincia,11,1428,12540
2025-08-22,Nocturna,Provincia,12,7400,12540
2025-08-22,Nocturna,Provincia,13,8463,12540
2025-08-22,Nocturna,Provincia,14,9789,12540
2025-08-22,Nocturna,Provincia,15,2249,12540
2025-08-22,Nocturna,Provincia,16,5427,12540
2025-08-22,Nocturna,Provincia,17,3147,12540
2025-08-22,Nocturna,Provincia,18,5183,12540
2025-08-22,Nocturna,Provincia,19,0282,12540
2025-08-22,Nocturna,Provincia,20,4522,12540
2025-08-23,Nocturna,Provincia,1,8755,12541
2025-08-23,Nocturna,Provincia,2,2099,12541
2025-08-23,Nocturna,Provincia,3,9196,12541
2025-08-23,Nocturna,Provincia,4,7784,12541
2025-08-23,Nocturna,Provincia,5,3911,12541
2025-08-23,Nocturna,Provincia,6,2148,12541
2025-08-23,Nocturna,Provincia,7,9635,12541
2025-08-23,Nocturna,Provincia,8,4843,12541
2025-08-23,Nocturna,Provincia,9,3556,12541
2025-08-23,Nocturna,Provincia,10,1412,12541
2025-08-23,Nocturna,Provincia,11,6105,12541
2025-08-23,Nocturna,Provincia,12,4806,12541
2025-08-23,Nocturna,Provincia,13,2922,12541
2025-08-23,Nocturna,Provincia,14,8131,12541
2025-08-23,Nocturna,Provincia,15,8203,12541
2025-08-23,Nocturna,Provincia,16,5620,12541
2025-08-23,Nocturna,Provincia,17,3298,12541
2025-08-23,Nocturna,Provincia,18,6989,12541
2025-08-23,Nocturna,Provincia,19,8642,12541
2025-08-23,Nocturna,Provincia,20,7708,12541
2025-08-25,Nocturna,Provincia,1,9602,12542
2025-08-25,Nocturna,Provincia,2,7097,12542
2025-08-25,Nocturna,Provincia,3,9039,12542
2025-08-25,Nocturna,Provincia,4,9885,12542
2025-08-25,Nocturna,Provincia,5,4073,12542
2025-08-25,Nocturna,Provincia,6,3924,12542
2025-08-25,Nocturna,Provincia,7,9644,12542
2025-08-25,Nocturna,Provincia,8,6177,12542
2025-08-25,Nocturna,Provincia,9,9114,12542
2025-08-25,Nocturna,Provincia,10,0168,12542
2025-08-25,Nocturna,Provincia,11,1003,12542
2025-08-25,Nocturna,Provincia,12,9583,12542
2025-08-25,Nocturna,Provincia,13,9185,12542
2025-08-25,Nocturna,Provincia,14,2780,12542
2025-08-25,Nocturna,Provincia,15,9779,12542
2025-08-25,Nocturna,Provincia,16,8342,12542
2025-08-25,Nocturna,Provincia,17,5660,12542
2025-08-25,Nocturna,Provincia,18,1961,12542
2025-08-25,Nocturna,Provincia,19,1907,12542
2025-08-25,Nocturna,Provincia,20,5924,12542
2025-08-26,Nocturna,Provincia,1,0092,12543
2025-08-26,Nocturna,Provincia,2,4567,12543
2025-08-26,Nocturna,Provincia,3,5607,12543
2025-08-26,Nocturna,Provincia,4,7389,12543
2025-08-26,Nocturna,Provincia,5,0518,12543
2025-08-26,Nocturna,Provincia,6,4727,12543
2025-08-26,Nocturna,Provincia,7,7900,12543
2025-08-26,Nocturna,Provincia,8,0444,12543
2025-08-26,Nocturna,Provincia,9,3611,12543
2025-08-26,Nocturna,Provincia,10,5394,12543
2025-08-26,Nocturna,Provincia,11,7658,12543
2025-08-26,Nocturna,Provincia,12,1906,12543
2025-08-26,Nocturna,Provincia,13,9088,12543
2025-08-26,Nocturna,Provincia,14,3841,12543
2025-08-26,Nocturna,Provincia,15,8056,12543
2025-08-26,Nocturna,Provincia,16,3803,12543
2025-08-26,Nocturna,Provincia,17,2889,12543
2025-08-26,Nocturna,Provincia,18,0188,12543
2025-08-26,Nocturna,Provincia,19,3948,12543
2025-08-26,Nocturna,Provincia,20,3550,12543
2025-08-27,Nocturna,Provincia,1,2540,12544
2025-08-27,Nocturna,Provincia,2,5825,12544
2025-08-27,Nocturna,Provincia,3,7646,12544
2025-08-27,Nocturna,Provincia,4,8148,12544
2025-08-27,Nocturna,Provincia,5,2321,12544
2025-08-27,Nocturna,Provincia,6,2816,12544
2025-08-27,Nocturna,Provincia,7,2757,12544
2025-08-27,Nocturna,Provincia,8,4679,12544
2025-08-27,Nocturna,Provincia,9,6022,12544
2025-08-27,Nocturna,Provincia,10,8468,12544
2025-08-27,Nocturna,Provincia,11,6699,12544
2025-08-27,Nocturna,Provincia,12,8719,12544
2025-08-27,Nocturna,Provincia,13,6322,12544
2025-08-27,Nocturna,Provincia,14,9631,12544
2025-08-27,Nocturna,Provincia,15,9946,12544
2025-08-27,Nocturna,Provincia,16,8400,12544
2025-08-27,Nocturna,Provincia,17,5377,12544
2025-08-27,Nocturna,Provincia,18,9484,12544
2025-08-27,Nocturna,Provincia,19,9357,12544
2025-08-27,Nocturna,Provincia,20,7437,12544
2025-08-28,Nocturna,Provincia,1,2262,12545
2025-08-28,Nocturna,Provincia,2,3243,12545
2025-08-28,Nocturna,Provincia,3,0990,12545
2025-08-28,Nocturna,Provincia,4,5669,12545
2025-08-28,Nocturna,Provincia,5,0049,12545
2025-08-28,Nocturna,Provincia,6,5610,12545
2025-08-28,Nocturna,Provincia,7,0188,12545
2025-08-28,Nocturna,Provincia,8,6306,12545
2025-08-28,Nocturna,Provincia,9,2589,12545
2025-08-28,Nocturna,Provincia,10,2512,12545
2025-08-28,Nocturna,Provincia,11,8215,12545
2025-08-28,Nocturna,Provincia,12,8935,12545
2025-08-28,Nocturna,Provincia,13,6134,12545
2025-08-28,Nocturna,Provincia,14,1501,12545
2025-08-28,Nocturna,Provincia,15,6960,12545
2025-08-28,Nocturna,Provincia,16,1629,12545
2025-08-28,Nocturna,Provincia,17,9475,12545
2025-08-28,Nocturna,Provincia,18,4924,12545
2025-08-28,Nocturna,Provincia,19,5529,12545
2025-08-28,Nocturna,Provincia,20,2605,12545
2025-08-29,Nocturna,Provincia,1,5424,12546
2025-08-29,Nocturna,Provincia,2,0055,12546
2025-08-29,Nocturna,Provincia,3,4862,12546
2025-08-29,Nocturna,Provincia,4,6691,12546
2025-08-29,Nocturna,Provincia,5,1293,12546
2025-08-29,Nocturna,Provincia,6,2076,12546
2025-08-29,Nocturna,Provincia,7,6099,12546
2025-08-29,Nocturna,Provincia,8,0041,12546
2025-08-29,Nocturna,Provincia,9,6018,12546
2025-08-29,Nocturna,Provincia,10,8660,12546
2025-08-29,Nocturna,Provincia,11,1565,12546
2025-08-29,Nocturna,Provincia,12,0420,12546
2025-08-29,Nocturna,Provincia,13,0121,12546
2025-08-29,Nocturna,Provincia,14,1128,12546
2025-08-29,Nocturna,Provincia,15,7748,12546
2025-08-29,Nocturna,Provincia,16,9280,12546
2025-08-29,Nocturna,Provincia,17,2678,12546
2025-08-29,Nocturna,Provincia,18,8842,12546
2025-08-29,Nocturna,Provincia,19,8393,12546
2025-08-29,Nocturna,Provincia,20,5138,12546
2025-08-30,Nocturna,Provincia,1,1219,12547
2025-08-30,Nocturna,Provincia,2,1114,12547
2025-08-30,Nocturna,Provincia,3,1303,12547
2025-08-30,Nocturna,Provincia,4,8405,12547
2025-08-30,Nocturna,Provincia,5,4704,12547
2025-08-30,Nocturna,Provincia,6,5053,12547
2025-08-30,Nocturna,Provincia,7,1413,12547
2025-08-30,Nocturna,Provincia,8,2267,12547
2025-08-30,Nocturna,Provincia,9,0902,12547
2025-08-30,Nocturna,Provincia,10,0234,12547
2025-08-30,Nocturna,Provincia,11,5416,12547
2025-08-30,Nocturna,Provincia,12,8721,12547
2025-08-30,Nocturna,Provincia,13,6032,12547
2025-08-30,Nocturna,Provincia,14,5623,12547
2025-08-30,Nocturna,Provincia,15,9010,12547
2025-08-30,Nocturna,Provincia,16,7562,12547
2025-08-30,Nocturna,Provincia,17,2637,12547
2025-08-30,Nocturna,Provincia,18,2550,12547
2025-08-30,Nocturna,Provincia,19,0781,12547
2025-08-30,Nocturna,Provincia,20,6540,12547
2025-09-01,Nocturna,Provincia,1,1818,12548
2025-09-01,Nocturna,Provincia,2,8501,12548
2025-09-01,Nocturna,Provincia,3,8585,12548
2025-09-01,Nocturna,Provincia,4,0423,12548
2025-09-01,Nocturna,Provincia,5,2537,12548
2025-09-01,Nocturna,Provincia,6,7270,12548
2025-09-01,Nocturna,Provincia,7,4952,12548
2025-09-01,Nocturna,Provincia,8,5588,12548
2025-09-01,Nocturna,Provincia,9,4240,12548
2025-09-01,Nocturna,Provincia,10,0708,12548
2025-09-01,Nocturna,Provincia,11,4078,12548
2025-09-01,Nocturna,Provincia,12,3436,12548
2025-09-01,Nocturna,Provincia,13,3513,12548
2025-09-01,Nocturna,Provincia,14,2320,12548
2025-09-01,Nocturna,Provincia,15,3705,12548
2025-09-01,Nocturna,Provincia,16,2205,12548
2025-09-01,Nocturna,Provincia,17,9760,12548
2025-09-01,Nocturna,Provincia,18,5725,12548
2025-09-01,Nocturna,Provincia,19,4401,12548
2025-09-01,Nocturna,Provincia,20,4962,12548
2025-09-02,Nocturna,Provincia,1,2922,12549
2025-09-02,Nocturna,Provincia,2,3709,12549
2025-09-02,Nocturna,Provincia,3,3230,12549
2025-09-02,Nocturna,Provincia,4,8221,12549
2025-09-02,Nocturna,Provincia,5,6149,12549
2025-09-02,Nocturna,Provincia,6,0270,12549
2025-09-02,Nocturna,Provincia,7,3829,12549
2025-09-02,Nocturna,Provincia,8,0718,12549
2025-09-02,Nocturna,Provincia,9,3649,12549
2025-09-02,Nocturna,Provincia,10,5605,12549
2025-09-02,Nocturna,Provincia,11,0078,12549
2025-09-02,Nocturna,Provincia,12,0447,12549
2025-09-02,Nocturna,Provincia,13,7133,12549
2025-09-02,Nocturna,Provincia,14,3203,12549
2025-09-02,Nocturna,Provincia,15,3219,12549
2025-09-02,Nocturna,Provincia,16,4360,12549
2025-09-02,Nocturna,Provincia,17,8424,12549
2025-09-02,Nocturna,Provincia,18,5713,12549
2025-09-02,Nocturna,Provincia,19,7097,12549
2025-09-02,Nocturna,Provincia,20,9756,12549
2025-09-03,Nocturna,Provincia,1,2429,12550
2025-09-03,Nocturna,Provincia,2,1922,12550
2025-09-03,Nocturna,Provincia,3,3822,12550
2025-09-03,Nocturna,Provincia,4,0074,12550
2025-09-03,Nocturna,Provincia,5,9448,12550
2025-09-03,Nocturna,Provincia,6,5169,12550
2025-09-03,Nocturna,Provincia,7,6661,12550
2025-09-03,Nocturna,Provincia,8,2004,12550
2025-09-03,Nocturna,Provincia,9,1576,12550
2025-09-03,Nocturna,Provincia,10,8023,12550
2025-09-03,Nocturna,Provincia,11,5047,12550
2025-09-03,Nocturna,Provincia,12,8272,12550
2025-09-03,Nocturna,Provincia,13,2280,12550
2025-09-03,Nocturna,Provincia,14,8192,12550
2025-09-03,Nocturna,Provincia,15,0734,12550
2025-09-03,Nocturna,Provincia,16,3065,12550
2025-09-03,Nocturna,Provincia,17,3457,12550
2025-09-03,Nocturna,Provincia,18,2047,12550
2025-09-03,Nocturna,Provincia,19,6140,12550
2025-09-03,Nocturna,Provincia,20,3900,12550
2025-09-04,Nocturna,Provincia,1,2205,12551
2025-09-04,Nocturna,Provincia,2,5426,12551
2025-09-04,Nocturna,Provincia,3,2590,12551
2025-09-04,Nocturna,Provincia,4,3224,12551
2025-09-04,Nocturna,Provincia,5,0305,12551
2025-09-04,Nocturna,Provincia,6,9452,12551
2025-09-04,Nocturna,Provincia,7,1588,12551
2025-09-04,Nocturna,Provincia,8,1285,12551
2025-09-04,Nocturna,Provincia,9,2855,12551
2025-09-04,Nocturna,Provincia,10,0996,12551
2025-09-04,Nocturna,Provincia,11,3395,12551
2025-09-04,Nocturna,Provincia,12,4787,12551
2025-09-04,Nocturna,Provincia,13,7802,12551
2025-09-04,Nocturna,Provincia,14,4276,12551
2025-09-04,Nocturna,Provincia,15,9105,12551
2025-09-04,Nocturna,Provincia,16,8505,12551
2025-09-04,Nocturna,Provincia,17,7628,12551
2025-09-04,Nocturna,Provincia,18,3265,12551
2025-09-04,Nocturna,Provincia,19,7603,12551
2025-09-04,Nocturna,Provincia,20,0218,12551
2025-09-05,Nocturna,Provincia,1,5836,12552
2025-09-05,Nocturna,Provincia,2,8521,12552
2025-09-05,Nocturna,Provincia,3,1292,12552
2025-09-05,Nocturna,Provincia,4,3459,12552
2025-09-05,Nocturna,Provincia,5,5442,12552
2025-09-05,Nocturna,Provincia,6,5699,12552
2025-09-05,Nocturna,Provincia,7,9022,12552
2025-09-05,Nocturna,Provincia,8,6234,12552
2025-09-05,Nocturna,Provincia,9,0752,12552
2025-09-05,Nocturna,Provincia,10,0529,12552
2025-09-05,Nocturna,Provincia,11,3595,12552
2025-09-05,Nocturna,Provincia,12,6072,12552
2025-09-05,Nocturna,Provincia,13,3871,12552
2025-09-05,Nocturna,Provincia,14,2272,12552
2025-09-05,Nocturna,Provincia,15,7451,12552
2025-09-05,Nocturna,Provincia,16,2642,12552
2025-09-05,Nocturna,Provincia,17,6301,12552
2025-09-05,Nocturna,Provincia,18,7364,12552
2025-09-05,Nocturna,Provincia,19,9332,12552
2025-09-05,Nocturna,Provincia,20,1816,12552
2025-09-06,Nocturna,Provincia,1,7623,12553
2025-09-06,Nocturna,Provincia,2,6021,12553
2025-09-06,Nocturna,Provincia,3,5371,12553
2025-09-06,Nocturna,Provincia,4,2836,12553
2025-09-06,Nocturna,Provincia,5,1231,12553
2025-09-06,Nocturna,Provincia,6,3421,12553
2025-09-06,Nocturna,Provincia,7,3859,12553
2025-09-06,Nocturna,Provincia,8,7023,12553
2025-09-06,Nocturna,Provincia,9,6137,12553
2025-09-06,Nocturna,Provincia,10,9091,12553
2025-09-06,Nocturna,Provincia,11,9234,12553
2025-09-06,Nocturna,Provincia,12,2571,12553
2025-09-06,Nocturna,Provincia,13,0921,12553
2025-09-06,Nocturna,Provincia,14,6990,12553
2025-09-06,Nocturna,Provincia,15,0596,12553
2025-09-06,Nocturna,Provincia,16,7921,12553
2025-09-06,Nocturna,Provincia,17,2211,12553
2025-09-06,Nocturna,Provincia,18,3409,12553
2025-09-06,Nocturna,Provincia,19,4017,12553
2025-09-06,Nocturna,Provincia,20,5706,12553
2025-09-08,Nocturna,Provincia,1,2911,12554
2025-09-08,Nocturna,Provincia,2,0037,12554
2025-09-08,Nocturna,Provincia,3,1654,12554
2025-09-08,Nocturna,Provincia,4,1807,12554
2025-09-08,Nocturna,Provincia,5,7052,12554
2025-09-08,Nocturna,Provincia,6,4103,12554
2025-09-08,Nocturna,Provincia,7,7304,12554
2025-09-08,Nocturna,Provincia,8,9950,12554
2025-09-08,Nocturna,Provincia,9,6717,12554
2025-09-08,Nocturna,Provincia,10,2452,12554
2025-09-08,Nocturna,Provincia,11,4990,12554
2025-09-08,Nocturna,Provincia,12,4360,12554
2025-09-08,Nocturna,Provincia,13,7241,12554
2025-09-08,Nocturna,Provincia,14,7709,12554
2025-09-08,Nocturna,Provincia,15,7550,12554
2025-09-08,Nocturna,Provincia,16,3787,12554
2025-09-08,Nocturna,Provincia,17,6342,12554
2025-09-08,Nocturna,Provincia,18,7786,12554
2025-09-08,Nocturna,Provincia,19,4441,12554
2025-09-08,Nocturna,Provincia,20,4241,12554
2025-09-09,Nocturna,Provincia,1,3667,12555
2025-09-09,Nocturna,Provincia,2,1959,12555
2025-09-09,Nocturna,Provincia,3,9542,12555
2025-09-09,Nocturna,Provincia,4,7247,12555
2025-09-09,Nocturna,Provincia,5,8268,12555
2025-09-09,Nocturna,Provincia,6,8804,12555
2025-09-09,Nocturna,Provincia,7,3885,12555
2025-09-09,Nocturna,Provincia,8,6791,12555
2025-09-09,Nocturna,Provincia,9,6768,12555
2025-09-09,Nocturna,Provincia,10,9974,12555
2025-09-09,Nocturna,Provincia,11,8990,12555
2025-09-09,Nocturna,Provincia,12,4178,12555
2025-09-09,Nocturna,Provincia,13,8293,12555
2025-09-09,Nocturna,Provincia,14,9642,12555
2025-09-09,Nocturna,Provincia,15,9345,12555
2025-09-09,Nocturna,Provincia,16,5078,12555
2025-09-09,Nocturna,Provincia,17,8284,12555
2025-09-09,Nocturna,Provincia,18,6022,12555
2025-09-09,Nocturna,Provincia,19,1474,12555
2025-09-09,Nocturna,Provincia,20,1434,12555
2025-09-10,Nocturna,Provincia,1,1657,12556
2025-09-10,Nocturna,Provincia,2,7323,12556
2025-09-10,Nocturna,Provincia,3,1471,12556
2025-09-10,Nocturna,Provincia,4,4775,12556
2025-09-10,Nocturna,Provincia,5,7894,12556
2025-09-10,Nocturna,Provincia,6,7699,12556
2025-09-10,Nocturna,Provincia,7,0146,12556
2025-09-10,Nocturna,Provincia,8,6680,12556
2025-09-10,Nocturna,Provincia,9,7744,12556
2025-09-10,Nocturna,Provincia,10,7148,12556
2025-09-10,Nocturna,Provincia,11,7440,12556
2025-09-10,Nocturna,Provincia,12,3526,12556
2025-09-10,Nocturna,Provincia,13,1844,12556
2025-09-10,Nocturna,Provincia,14,8199,12556
2025-09-10,Nocturna,Provincia,15,1169,12556
2025-09-10,Nocturna,Provincia,16,0083,12556
2025-09-10,Nocturna,Provincia,17,5707,12556
2025-09-10,Nocturna,Provincia,18,7545,12556
2025-09-10,Nocturna,Provincia,19,8122,12556
2025-09-10,Nocturna,Provincia,20,3363,12556
2025-09-11,Nocturna,Provincia,1,2101,12557
2025-09-11,Nocturna,Provincia,2,7636,12557
2025-09-11,Nocturna,Provincia,3,9931,12557
2025-09-11,Nocturna,Provincia,4,7007,12557
2025-09-11,Nocturna,Provincia,5,7451,12557
2025-09-11,Nocturna,Provincia,6,2149,12557
2025-09-11,Nocturna,Provincia,7,4736,12557
2025-09-11,Nocturna,Provincia,8,1242,12557
2025-09-11,Nocturna,Provincia,9,5632,12557
2025-09-11,Nocturna,Provincia,10,2334,12557
2025-09-11,Nocturna,Provincia,11,1108,12557
2025-09-11,Nocturna,Provincia,12,0102,12557
2025-09-11,Nocturna,Provincia,13,5661,12557
2025-09-11,Nocturna,Provincia,14,5520,12557
2025-09-11,Nocturna,Provincia,15,5816,12557
2025-09-11,Nocturna,Provincia,16,1741,12557
2025-09-11,Nocturna,Provincia,17,9677,12557
2025-09-11,Nocturna,Provincia,18,3155,12557
2025-09-11,Nocturna,Provincia,19,3563,12557
2025-09-11,Nocturna,Provincia,20,6346,12557
2025-09-12,Nocturna,Provincia,1,1744,12558
2025-09-12,Nocturna,Provincia,2,4092,12558
2025-09-12,Nocturna,Provincia,3,5062,12558
2025-09-12,Nocturna,Provincia,4,5539,12558
2025-09-12,Nocturna,Provincia,5,8134,12558
2025-09-12,Nocturna,Provincia,6,0549,12558
2025-09-12,Nocturna,Provincia,7,0478,12558
2025-09-12,Nocturna,Provincia,8,9356,12558
2025-09-12,Nocturna,Provincia,9,4003,12558
2025-09-12,Nocturna,Provincia,10,6166,12558
2025-09-12,Nocturna,Provincia,11,8411,12558
2025-09-12,Nocturna,Provincia,12,5604,12558
2025-09-12,Nocturna,Provincia,13,8767,12558
2025-09-12,Nocturna,Provincia,14,2621,12558
2025-09-12,Nocturna,Provincia,15,3249,12558
2025-09-12,Nocturna,Provincia,16,2780,12558
2025-09-12,Nocturna,Provincia,17,9645,12558
2025-09-12,Nocturna,Provincia,18,8611,12558
2025-09-12,Nocturna,Provincia,19,7701,12558
2025-09-12,Nocturna,Provincia,20,1722,12558
2025-09-13,Nocturna,Provincia,1,9524,12559
2025-09-13,Nocturna,Provincia,2,3003,12559
2025-09-13,Nocturna,Provincia,3,4311,12559
2025-09-13,Nocturna,Provincia,4,2891,12559
2025-09-13,Nocturna,Provincia,5,9977,12559
2025-09-13,Nocturna,Provincia,6,5790,12559
2025-09-13,Nocturna,Provincia,7,8682,12559
2025-09-13,Nocturna,Provincia,8,6207,12559
2025-09-13,Nocturna,Provincia,9,1755,12559
2025-09-13,Nocturna,Provincia,10,0536,12559
2025-09-13,Nocturna,Provincia,11,4338,12559
2025-09-13,Nocturna,Provincia,12,6225,12559
2025-09-13,Nocturna,Provincia,13,4510,12559
2025-09-13,Nocturna,Provincia,14,2680,12559
2025-09-13,Nocturna,Provincia,15,3958,12559
2025-09-13,Nocturna,Provincia,16,9565,12559
2025-09-13,Nocturna,Provincia,17,2688,12559
2025-09-13,Nocturna,Provincia,18,1463,12559
2025-09-13,Nocturna,Provincia,19,0534,12559
2025-09-13,Nocturna,Provincia,20,7807,12559
2025-09-15,Nocturna,Provincia,1,6608,12560
2025-09-15,Nocturna,Provincia,2,4460,12560
2025-09-15,Nocturna,Provincia,3,2911,12560
2025-09-15,Nocturna,Provincia,4,0362,12560
2025-09-15,Nocturna,Provincia,5,2172,12560
2025-09-15,Nocturna,Provincia,6,5580,12560
2025-09-15,Nocturna,Provincia,7,6287,12560
2025-09-15,Nocturna,Provincia,8,0230,12560
2025-09-15,Nocturna,Provincia,9,9576,12560
2025-09-15,Nocturna,Provincia,10,2663,12560
2025-09-15,Nocturna,Provincia,11,2423,12560
2025-09-15,Nocturna,Provincia,12,5572,12560
2025-09-15,Nocturna,Provincia,13,0871,12560
2025-09-15,Nocturna,Provincia,14,2435,12560
2025-09-15,Nocturna,Provincia,15,1948,12560
2025-09-15,Nocturna,Provincia,16,2565,12560
2025-09-15,Nocturna,Provincia,17,1490,12560
2025-09-15,Nocturna,Provincia,18,4533,12560
2025-09-15,Nocturna,Provincia,19,9772,12560
2025-09-15,Nocturna,Provincia,20,8808,12560
2025-09-16,Nocturna,Provincia,1,3392,12561
2025-09-16,Nocturna,Provincia,2,5588,12561
2025-09-16,Nocturna,Provincia,3,5599,12561
2025-09-16,Nocturna,Provincia,4,5651,12561
2025-09-16,Nocturna,Provincia,5,5287,12561
2025-09-16,Nocturna,Provincia,6,5988,12561
2025-09-16,Nocturna,Provincia,7,5109,12561
2025-09-16,Nocturna,Provincia,8,0082,12561
2025-09-16,Nocturna,Provincia,9,0773,12561
2025-09-16,Nocturna,Provincia,10,9897,12561
2025-09-16,Nocturna,Provincia,11,7632,12561
2025-09-16,Nocturna,Provincia,12,0832,12561
2025-09-16,Nocturna,Provincia,13,1623,12561
2025-09-16,Nocturna,Provincia,14,5324,12561
2025-09-16,Nocturna,Provincia,15,4580,12561
2025-09-16,Nocturna,Provincia,16,0545,12561
2025-09-16,Nocturna,Provincia,17,9622,12561
2025-09-16,Nocturna,Provincia,18,8163,12561
2025-09-16,Nocturna,Provincia,19,1128,12561
2025-09-16,Nocturna,Provincia,20,4674,12561
2025-09-17,Nocturna,Provincia,1,5841,12562
2025-09-17,Nocturna,Provincia,2,1041,12562
2025-09-17,Nocturna,Provincia,3,7258,12562
2025-09-17,Nocturna,Provincia,4,9954,12562
2025-09-17,Nocturna,Provincia,5,2130,12562
2025-09-17,Nocturna,Provincia,6,7497,12562
2025-09-17,Nocturna,Provincia,7,3703,12562
2025-09-17,Nocturna,Provincia,8,3094,12562
2025-09-17,Nocturna,Provincia,9,0932,12562
2025-09-17,Nocturna,Provincia,10,9803,12562
2025-09-17,Nocturna,Provincia,11,1024,12562
2025-09-17,Nocturna,Provincia,12,7965,12562
2025-09-17,Nocturna,Provincia,13,5920,12562
2025-09-17,Nocturna,Provincia,14,3466,12562
2025-09-17,Nocturna,Provincia,15,5742,12562
2025-09-17,Nocturna,Provincia,16,7327,12562
2025-09-17,Nocturna,Provincia,17,3549,12562
2025-09-17,Nocturna,Provincia,18,3310,12562
2025-09-17,Nocturna,Provincia,19,2327,12562
2025-09-17,Nocturna,Provincia,20,4460,12562
2025-09-18,Nocturna,Provincia,1,3657,12563
2025-09-18,Nocturna,Provincia,2,8776,12563
2025-09-18,Nocturna,Provincia,3,8445,12563
2025-09-18,Nocturna,Provincia,4,8887,12563
2025-09-18,Nocturna,Provincia,5,0048,12563
2025-09-18,Nocturna,Provincia,6,6927,12563
2025-09-18,Nocturna,Provincia,7,4732,12563
2025-09-18,Nocturna,Provincia,8,3341,12563
2025-09-18,Nocturna,Provincia,9,3247,12563
2025-09-18,Nocturna,Provincia,10,6438,12563
2025-09-18,Nocturna,Provincia,11,2858,12563
2025-09-18,Nocturna,Provincia,12,8760,12563
2025-09-18,Nocturna,Provincia,13,0632,12563
2025-09-18,Nocturna,Provincia,14,0653,12563
2025-09-18,Nocturna,Provincia,15,1720,12563
2025-09-18,Nocturna,Provincia,16,5441,12563
2025-09-18,Nocturna,Provincia,17,7462,12563
2025-09-18,Nocturna,Provincia,18,8043,12563
2025-09-18,Nocturna,Provincia,19,4155,12563
2025-09-18,Nocturna,Provincia,20,5933,12563
2025-09-19,Nocturna,Provincia,1,7571,12564
2025-09-19,Nocturna,Provincia,2,1696,12564
2025-09-19,Nocturna,Provincia,3,0607,12564
2025-09-19,Nocturna,Provincia,4,7291,12564
2025-09-19,Nocturna,Provincia,5,3752,12564
2025-09-19,Nocturna,Provincia,6,0302,12564
2025-09-19,Nocturna,Provincia,7,1474,12564
2025-09-19,Nocturna,Provincia,8,1100,12564
2025-09-19,Nocturna,Provincia,9,0450,12564
2025-09-19,Nocturna,Provincia,10,0833,12564
2025-09-19,Nocturna,Provincia,11,9096,12564
2025-09-19,Nocturna,Provincia,12,1071,12564
2025-09-19,Nocturna,Provincia,13,3511,12564
2025-09-19,Nocturna,Provincia,14,3002,12564
2025-09-19,Nocturna,Provincia,15,8463,12564
2025-09-19,Nocturna,Provincia,16,4138,12564
2025-09-19,Nocturna,Provincia,17,8307,12564
2025-09-19,Nocturna,Provincia,18,1119,12564
2025-09-19,Nocturna,Provincia,19,7704,12564
2025-09-19,Nocturna,Provincia,20,3340,12564
2025-09-20,Nocturna,Provincia,1,4722,12565
2025-09-20,Nocturna,Provincia,2,7835,12565
2025-09-20,Nocturna,Provincia,3,2278,12565
2025-09-20,Nocturna,Provincia,4,1259,12565
2025-09-20,Nocturna,Provincia,5,8625,12565
2025-09-20,Nocturna,Provincia,6,3600,12565
2025-09-20,Nocturna,Provincia,7,3760,12565
2025-09-20,Nocturna,Provincia,8,0219,12565
2025-09-20,Nocturna,Provincia,9,1133,12565
2025-09-20,Nocturna,Provincia,10,5680,12565
2025-09-20,Nocturna,Provincia,11,2290,12565
2025-09-20,Nocturna,Provincia,12,9370,12565
2025-09-20,Nocturna,Provincia,13,9301,12565
2025-09-20,Nocturna,Provincia,14,0948,12565
2025-09-20,Nocturna,Provincia,15,1794,12565
2025-09-20,Nocturna,Provincia,16,0703,12565
2025-09-20,Nocturna,Provincia,17,3424,12565
2025-09-20,Nocturna,Provincia,18,9231,12565
2025-09-20,Nocturna,Provincia,19,2929,12565
2025-09-20,Nocturna,Provincia,20,4825,12565
2025-09-22,Nocturna,Provincia,1,9628,12566
2025-09-22,Nocturna,Provincia,2,3928,12566
2025-09-22,Nocturna,Provincia,3,0518,12566
2025-09-22,Nocturna,Provincia,4,8971,12566
2025-09-22,Nocturna,Provincia,5,2284,12566
2025-09-22,Nocturna,Provincia,6,2451,12566
2025-09-22,Nocturna,Provincia,7,8295,12566
2025-09-22,Nocturna,Provincia,8,1281,12566
2025-09-22,Nocturna,Provincia,9,4129,12566
2025-09-22,Nocturna,Provincia,10,3493,12566
2025-09-22,Nocturna,Provincia,11,4099,12566
2025-09-22,Nocturna,Provincia,12,9095,12566
2025-09-22,Nocturna,Provincia,13,5836,12566
2025-09-22,Nocturna,Provincia,14,5248,12566
2025-09-22,Nocturna,Provincia,15,1479,12566
2025-09-22,Nocturna,Provincia,16,5247,12566
2025-09-22,Nocturna,Provincia,17,1073,12566
2025-09-22,Nocturna,Provincia,18,4967,12566
2025-09-22,Nocturna,Provincia,19,6870,12566
2025-09-22,Nocturna,Provincia,20,6687,12566
2025-09-23,Nocturna,Provincia,1,9708,12567
2025-09-23,Nocturna,Provincia,2,8792,12567
2025-09-23,Nocturna,Provincia,3,8820,12567
2025-09-23,Nocturna,Provincia,4,8843,12567
2025-09-23,Nocturna,Provincia,5,4607,12567
2025-09-23,Nocturna,Provincia,6,3978,12567
2025-09-23,Nocturna,Provincia,7,4730,12567
2025-09-23,Nocturna,Provincia,8,9471,12567
2025-09-23,Nocturna,Provincia,9,4849,12567
2025-09-23,Nocturna,Provincia,10,3227,12567
2025-09-23,Nocturna,Provincia,11,4088,12567
2025-09-23,Nocturna,Provincia,12,6622,12567
2025-09-23,Nocturna,Provincia,13,4855,12567
2025-09-23,Nocturna,Provincia,14,7257,12567
2025-09-23,Nocturna,Provincia,15,1841,12567
2025-09-23,Nocturna,Provincia,16,9544,12567
2025-09-23,Nocturna,Provincia,17,8487,12567
2025-09-23,Nocturna,Provincia,18,0934,12567
2025-09-23,Nocturna,Provincia,19,6781,12567
2025-09-23,Nocturna,Provincia,20,7881,12567
2025-09-24,Nocturna,Provincia,1,1558,12568
2025-09-24,Nocturna,Provincia,2,8336,12568
2025-09-24,Nocturna,Provincia,3,4144,12568
2025-09-24,Nocturna,Provincia,4,0013,12568
2025-09-24,Nocturna,Provincia,5,4451,12568
2025-09-24,Nocturna,Provincia,6,2985,12568
2025-09-24,Nocturna,Provincia,7,0344,12568
2025-09-24,Nocturna,Provincia,8,6798,12568
2025-09-24,Nocturna,Provincia,9,1511,12568
2025-09-24,Nocturna,Provincia,10,5994,12568
2025-09-24,Nocturna,Provincia,11,2144,12568
2025-09-24,Nocturna,Provincia,12,6642,12568
2025-09-24,Nocturna,Provincia,13,9589,12568
2025-09-24,Nocturna,Provincia,14,8179,12568
2025-09-24,Nocturna,Provincia,15,5950,12568
2025-09-24,Nocturna,Provincia,16,5337,12568
2025-09-24,Nocturna,Provincia,17,9421,12568
2025-09-24,Nocturna,Provincia,18,6192,12568
2025-09-24,Nocturna,Provincia,19,7277,12568
2025-09-24,Nocturna,Provincia,20,0849,12568
2025-09-25,Nocturna,Provincia,1,6656,12569
2025-09-25,Nocturna,Provincia,2,6324,12569
2025-09-25,Nocturna,Provincia,3,1871,12569
2025-09-25,Nocturna,Provincia,4,0947,12569
2025-09-25,Nocturna,Provincia,5,8774,12569
2025-09-25,Nocturna,Provincia,6,9503,12569
2025-09-25,Nocturna,Provincia,7,2593,12569
2025-09-25,Nocturna,Provincia,8,0335,12569
2025-09-25,Nocturna,Provincia,9,8079,12569
2025-09-25,Nocturna,Provincia,10,5925,12569
2025-09-25,Nocturna,Provincia,11,9025,12569
2025-09-25,Nocturna,Provincia,12,6285,12569
2025-09-25,Nocturna,Provincia,13,5222,12569
2025-09-25,Nocturna,Provincia,14,8175,12569
2025-09-25,Nocturna,Provincia,15,2792,12569
2025-09-25,Nocturna,Provincia,16,3095,12569
2025-09-25,Nocturna,Provincia,17,7394,12569
2025-09-25,Nocturna,Provincia,18,8423,12569
2025-09-25,Nocturna,Provincia,19,6982,12569
2025-09-25,Nocturna,Provincia,20,8958,12569
2025-09-26,Nocturna,Provincia,1,3235,12570
2025-09-26,Nocturna,Provincia,2,8934,12570
2025-09-26,Nocturna,Provincia,3,7907,12570
2025-09-26,Nocturna,Provincia,4,1533,12570
2025-09-26,Nocturna,Provincia,5,0941,12570
2025-09-26,Nocturna,Provincia,6,8873,12570
2025-09-26,Nocturna,Provincia,7,1555,12570
2025-09-26,Nocturna,Provincia,8,5996,12570
2025-09-26,Nocturna,Provincia,9,4006,12570
2025-09-26,Nocturna,Provincia,10,3837,12570
2025-09-26,Nocturna,Provincia,11,7274,12570
2025-09-26,Nocturna,Provincia,12,6583,12570
2025-09-26,Nocturna,Provincia,13,7864,12570
2025-09-26,Nocturna,Provincia,14,9198,12570
2025-09-26,Nocturna,Provincia,15,6362,12570
2025-09-26,Nocturna,Provincia,16,4173,12570
2025-09-26,Nocturna,Provincia,17,6326,12570
2025-09-26,Nocturna,Provincia,18,7724,12570
2025-09-26,Nocturna,Provincia,19,1760,12570
2025-09-26,Nocturna,Provincia,20,9877,12570
2025-09-27,Nocturna,Provincia,1,1924,12571
2025-09-27,Nocturna,Provincia,2,2839,12571
2025-09-27,Nocturna,Provincia,3,1277,12571
2025-09-27,Nocturna,Provincia,4,1132,12571
2025-09-27,Nocturna,Provincia,5,0465,12571
2025-09-27,Nocturna,Provincia,6,2203,12571
2025-09-27,Nocturna,Provincia,7,5254,12571
2025-09-27,Nocturna,Provincia,8,3617,12571
2025-09-27,Nocturna,Provincia,9,3333,12571
2025-09-27,Nocturna,Provincia,10,7978,12571
2025-09-27,Nocturna,Provincia,11,6694,12571
2025-09-27,Nocturna,Provincia,12,0701,12571
2025-09-27,Nocturna,Provincia,13,7787,12571
2025-09-27,Nocturna,Provincia,14,3415,12571
2025-09-27,Nocturna,Provincia,15,5394,12571
2025-09-27,Nocturna,Provincia,16,5642,12571
2025-09-27,Nocturna,Provincia,17,6145,12571
2025-09-27,Nocturna,Provincia,18,3628,12571
2025-09-27,Nocturna,Provincia,19,5583,12571
2025-09-27,Nocturna,Provincia,20,5065,12571
2025-09-29,Nocturna,Provincia,1,2396,12572
2025-09-29,Nocturna,Provincia,2,9726,12572
2025-09-29,Nocturna,Provincia,3,3550,12572
2025-09-29,Nocturna,Provincia,4,9872,12572
2025-09-29,Nocturna,Provincia,5,6592,12572
2025-09-29,Nocturna,Provincia,6,7923,12572
2025-09-29,Nocturna,Provincia,7,5152,12572
2025-09-29,Nocturna,Provincia,8,7205,12572
2025-09-29,Nocturna,Provincia,9,1733,12572
2025-09-29,Nocturna,Provincia,10,0112,12572
2025-09-29,Nocturna,Provincia,11,0763,12572
2025-09-29,Nocturna,Provincia,12,3697,12572
2025-09-29,Nocturna,Provincia,13,9469,12572
2025-09-29,Nocturna,Provincia,14,0945,12572
2025-09-29,Nocturna,Provincia,15,0968,12572
2025-09-29,Nocturna,Provincia,16,4019,12572
2025-09-29,Nocturna,Provincia,17,0426,12572
2025-09-29,Nocturna,Provincia,18,1026,12572
2025-09-29,Nocturna,Provincia,19,8248,12572
2025-09-29,Nocturna,Provincia,20,8450,12572
2025-09-30,Nocturna,Provincia,1,5887,12573
2025-09-30,Nocturna,Provincia,2,7943,12573
2025-09-30,Nocturna,Provincia,3,0482,12573
2025-09-30,Nocturna,Provincia,4,7102,12573
2025-09-30,Nocturna,Provincia,5,5628,12573
2025-09-30,Nocturna,Provincia,6,3249,12573
2025-09-30,Nocturna,Provincia,7,7028,12573
2025-09-30,Nocturna,Provincia,8,8821,12573
2025-09-30,Nocturna,Provincia,9,5341,12573
2025-09-30,Nocturna,Provincia,10,5542,12573
2025-09-30,Nocturna,Provincia,11,6242,12573
2025-09-30,Nocturna,Provincia,12,6005,12573
2025-09-30,Nocturna,Provincia,13,1333,12573
2025-09-30,Nocturna,Provincia,14,3846,12573
2025-09-30,Nocturna,Provincia,15,3104,12573
2025-09-30,Nocturna,Provincia,16,2156,12573
2025-09-30,Nocturna,Provincia,17,3520,12573
2025-09-30,Nocturna,Provincia,18,7153,12573
2025-09-30,Nocturna,Provincia,19,9517,12573
2025-09-30,Nocturna,Provincia,20,0241,12573
2025-10-01,Nocturna,Provincia,1,6957,12574
2025-10-01,Nocturna,Provincia,2,8852,12574
2025-10-01,Nocturna,Provincia,3,0160,12574
2025-10-01,Nocturna,Provincia,4,6647,12574
2025-10-01,Nocturna,Provincia,5,2771,12574
2025-10-01,Nocturna,Provincia,6,6174,12574
2025-10-01,Nocturna,Provincia,7,3938,12574
2025-10-01,Nocturna,Provincia,8,7029,12574
2025-10-01,Nocturna,Provincia,9,2959,12574
2025-10-01,Nocturna,Provincia,10,4259,12574
2025-10-01,Nocturna,Provincia,11,6865,12574
2025-10-01,Nocturna,Provincia,12,5140,12574
2025-10-01,Nocturna,Provincia,13,2076,12574
2025-10-01,Nocturna,Provincia,14,0978,12574
2025-10-01,Nocturna,Provincia,15,7874,12574
2025-10-01,Nocturna,Provincia,16,9594,12574
2025-10-01,Nocturna,Provincia,17,6392,12574
2025-10-01,Nocturna,Provincia,18,8294,12574
2025-10-01,Nocturna,Provincia,19,2335,12574
2025-10-01,Nocturna,Provincia,20,4807,12574
2025-10-02,Nocturna,Provincia,1,5724,12575
2025-10-02,Nocturna,Provincia,2,5537,12575
2025-10-02,Nocturna,Provincia,3,0112,12575
2025-10-02,Nocturna,Provincia,4,4921,12575
2025-10-02,Nocturna,Provincia,5,9203,12575
2025-10-02,Nocturna,Provincia,6,1645,12575
2025-10-02,Nocturna,Provincia,7,5626,12575
2025-10-02,Nocturna,Provincia,8,1332,12575
2025-10-02,Nocturna,Provincia,9,3845,12575
2025-10-02,Nocturna,Provincia,10,8703,12575
2025-10-02,Nocturna,Provincia,11,0876,12575
2025-10-02,Nocturna,Provincia,12,1263,12575
2025-10-02,Nocturna,Provincia,13,7942,12575
2025-10-02,Nocturna,Provincia,14,5262,12575
2025-10-02,Nocturna,Provincia,15,0165,12575
2025-10-02,Nocturna,Provincia,16,6403,12575
2025-10-02,Nocturna,Provincia,17,0832,12575
2025-10-02,Nocturna,Provincia,18,0297,12575
2025-10-02,Nocturna,Provincia,19,0502,12575
2025-10-02,Nocturna,Provincia,20,7181,12575
2025-10-03,Nocturna,Provincia,1,7660,12576
2025-10-03,Nocturna,Provincia,2,8079,12576
2025-10-03,Nocturna,Provincia,3,6217,12576
2025-10-03,Nocturna,Provincia,4,5321,12576
2025-10-03,Nocturna,Provincia,5,6226,12576
2025-10-03,Nocturna,Provincia,6,5928,12576
2025-10-03,Nocturna,Provincia,7,3114,12576
2025-10-03,Nocturna,Provincia,8,0355,12576
2025-10-03,Nocturna,Provincia,9,3466,12576
2025-10-03,Nocturna,Provincia,10,3393,12576
2025-10-03,Nocturna,Provincia,11,9077,12576
2025-10-03,Nocturna,Provincia,12,8553,12576
2025-10-03,Nocturna,Provincia,13,2133,12576
2025-10-03,Nocturna,Provincia,14,5011,12576
2025-10-03,Nocturna,Provincia,15,4574,12576
2025-10-03,Nocturna,Provincia,16,9037,12576
2025-10-03,Nocturna,Provincia,17,8269,12576
2025-10-03,Nocturna,Provincia,18,9428,12576
2025-10-03,Nocturna,Provincia,19,2132,12576
2025-10-03,Nocturna,Provincia,20,0610,12576
2025-10-04,Nocturna,Provincia,1,0707,12577
2025-10-04,Nocturna,Provincia,2,0951,12577
2025-10-04,Nocturna,Provincia,3,4331,12577
2025-10-04,Nocturna,Provincia,4,2024,12577
2025-10-04,Nocturna,Provincia,5,4726,12577
2025-10-04,Nocturna,Provincia,6,8130,12577
2025-10-04,Nocturna,Provincia,7,2905,12577
2025-10-04,Nocturna,Provincia,8,2013,12577
2025-10-04,Nocturna,Provincia,9,1479,12577
2025-10-04,Nocturna,Provincia,10,2818,12577
2025-10-04,Nocturna,Provincia,11,6764,12577
2025-10-04,Nocturna,Provincia,12,8992,12577
2025-10-04,Nocturna,Provincia,13,0060,12577
2025-10-04,Nocturna,Provincia,14,4714,12577
2025-10-04,Nocturna,Provincia,15,5110,12577
2025-10-04,Nocturna,Provincia,16,4964,12577
2025-10-04,Nocturna,Provincia,17,1927,12577
2025-10-04,Nocturna,Provincia,18,5947,12577
2025-10-04,Nocturna,Provincia,19,5670,12577
2025-10-04,Nocturna,Provincia,20,0636,12577
2025-10-06,Nocturna,Provincia,1,1643,12578
2025-10-06,Nocturna,Provincia,2,2787,12578
2025-10-06,Nocturna,Provincia,3,2114,12578
2025-10-06,Nocturna,Provincia,4,9979,12578
2025-10-06,Nocturna,Provincia,5,8470,12578
2025-10-06,Nocturna,Provincia,6,4127,12578
2025-10-06,Nocturna,Provincia,7,5429,12578
2025-10-06,Nocturna,Provincia,8,1589,12578
2025-10-06,Nocturna,Provincia,9,3566,12578
2025-10-06,Nocturna,Provincia,10,2560,12578
2025-10-06,Nocturna,Provincia,11,7719,12578
2025-10-06,Nocturna,Provincia,12,3930,12578
2025-10-06,Nocturna,Provincia,13,1188,12578
2025-10-06,Nocturna,Provincia,14,0975,12578
2025-10-06,Nocturna,Provincia,15,5600,12578
2025-10-06,Nocturna,Provincia,16,2121,12578
2025-10-06,Nocturna,Provincia,17,5312,12578
2025-10-06,Nocturna,Provincia,18,8027,12578
2025-10-06,Nocturna,Provincia,19,6497,12578
2025-10-06,Nocturna,Provincia,20,3822,12578
2025-10-07,Nocturna,Provincia,1,4385,12579
2025-10-07,Nocturna,Provincia,2,3277,12579
2025-10-07,Nocturna,Provincia,3,0180,12579
2025-10-07,Nocturna,Provincia,4,7901,12579
2025-10-07,Nocturna,Provincia,5,5803,12579
2025-10-07,Nocturna,Provincia,6,6835,12579
2025-10-07,Nocturna,Provincia,7,6142,12579
2025-10-07,Nocturna,Provincia,8,8509,12579
2025-10-07,Nocturna,Provincia,9,1021,12579
2025-10-07,Nocturna,Provincia,10,2312,12579
2025-10-07,Nocturna,Provincia,11,0777,12579
2025-10-07,Nocturna,Provincia,12,8022,12579
2025-10-07,Nocturna,Provincia,13,5909,12579
2025-10-07,Nocturna,Provincia,14,8001,12579
2025-10-07,Nocturna,Provincia,15,5704,12579
2025-10-07,Nocturna,Provincia,16,7928,12579
2025-10-07,Nocturna,Provincia,17,1951,12579
2025-10-07,Nocturna,Provincia,18,5398,12579
2025-10-07,Nocturna,Provincia,19,9656,12579
2025-10-07,Nocturna,Provincia,20,7012,12579
2025-10-08,Nocturna,Provincia,1,7414,12580
2025-10-08,Nocturna,Provincia,2,2054,12580
2025-10-08,Nocturna,Provincia,3,1591,12580
2025-10-08,Nocturna,Provincia,4,5412,12580
2025-10-08,Nocturna,Provincia,5,0393,12580
2025-10-08,Nocturna,Provincia,6,0852,12580
2025-10-08,Nocturna,Provincia,7,6466,12580
2025-10-08,Nocturna,Provincia,8,2338,12580
2025-10-08,Nocturna,Provincia,9,7044,12580
2025-10-08,Nocturna,Provincia,10,0065,12580
2025-10-08,Nocturna,Provincia,11,0790,12580
2025-10-08,Nocturna,Provincia,12,0026,12580
2025-10-08,Nocturna,Provincia,13,0288,12580
2025-10-08,Nocturna,Provincia,14,7314,12580
2025-10-08,Nocturna,Provincia,15,4922,12580
2025-10-08,Nocturna,Provincia,16,0633,12580
2025-10-08,Nocturna,Provincia,17,9754,12580
2025-10-08,Nocturna,Provincia,18,0459,12580
2025-10-08,Nocturna,Provincia,19,1268,12580
2025-10-08,Nocturna,Provincia,20,3435,12580
2025-10-09,Nocturna,Provincia,1,7806,12581
2025-10-09,Nocturna,Provincia,2,8903,12581
2025-10-09,Nocturna,Provincia,3,8568,12581
2025-10-09,Nocturna,Provincia,4,2716,12581
2025-10-09,Nocturna,Provincia,5,1635,12581
2025-10-09,Nocturna,Provincia,6,8250,12581
2025-10-09,Nocturna,Provincia,7,5816,12581
2025-10-09,Nocturna,Provincia,8,3499,12581
2025-10-09,Nocturna,Provincia,9,3272,12581
2025-10-09,Nocturna,Provincia,10,6456,12581
2025-10-09,Nocturna,Provincia,11,7107,12581
2025-10-09,Nocturna,Provincia,12,7979,12581
2025-10-09,Nocturna,Provincia,13,2453,12581
2025-10-09,Nocturna,Provincia,14,2019,12581
2025-10-09,Nocturna,Provincia,15,3860,12581
2025-10-09,Nocturna,Provincia,16,6026,12581
2025-10-09,Nocturna,Provincia,17,4832,12581
2025-10-09,Nocturna,Provincia,18,3544,12581
2025-10-09,Nocturna,Provincia,19,9707,12581
2025-10-09,Nocturna,Provincia,20,4029,12581
2025-10-10,Nocturna,Provincia,1,0289,12582
2025-10-10,Nocturna,Provincia,2,3780,12582
2025-10-10,Nocturna,Provincia,3,6578,12582
2025-10-10,Nocturna,Provincia,4,6181,12582
2025-10-10,Nocturna,Provincia,5,9462,12582
2025-10-10,Nocturna,Provincia,6,5084,12582
2025-10-10,Nocturna,Provincia,7,0482,12582
2025-10-10,Nocturna,Provincia,8,4699,12582
2025-10-10,Nocturna,Provincia,9,7702,12582
2025-10-10,Nocturna,Provincia,10,5469,12582
2025-10-10,Nocturna,Provincia,11,6515,12582
2025-10-10,Nocturna,Provincia,12,5057,12582
2025-10-10,Nocturna,Provincia,13,5880,12582
2025-10-10,Nocturna,Provincia,14,0947,12582
2025-10-10,Nocturna,Provincia,15,4825,12582
2025-10-10,Nocturna,Provincia,16,0889,12582
2025-10-10,Nocturna,Provincia,17,5143,12582
2025-10-10,Nocturna,Provincia,18,0530,12582
2025-10-10,Nocturna,Provincia,19,4726,12582
2025-10-10,Nocturna,Provincia,20,9393,12582
2025-10-11,Nocturna,Provincia,1,8701,12583
2025-10-11,Nocturna,Provincia,2,1796,12583
2025-10-11,Nocturna,Provincia,3,5008,12583
2025-10-11,Nocturna,Provincia,4,0951,12583
2025-10-11,Nocturna,Provincia,5,5583,12583
2025-10-11,Nocturna,Provincia,6,2247,12583
2025-10-11,Nocturna,Provincia,7,8013,12583
2025-10-11,Nocturna,Provincia,8,7716,12583
2025-10-11,Nocturna,Provincia,9,4110,12583
2025-10-11,Nocturna,Provincia,10,8868,12583
2025-10-11,Nocturna,Provincia,11,1359,12583
2025-10-11,Nocturna,Provincia,12,5718,12583
2025-10-11,Nocturna,Provincia,13,3282,12583
2025-10-11,Nocturna,Provincia,14,5518,12583
2025-10-11,Nocturna,Provincia,15,1011,12583
2025-10-11,Nocturna,Provincia,16,0702,12583
2025-10-11,Nocturna,Provincia,17,6122,12583
2025-10-11,Nocturna,Provincia,18,4387,12583
2025-10-11,Nocturna,Provincia,19,8343,12583
2025-10-11,Nocturna,Provincia,20,4709,12583
2025-10-13,Nocturna,Provincia,1,5070,12584
2025-10-13,Nocturna,Provincia,2,9377,12584
2025-10-13,Nocturna,Provincia,3,4634,12584
2025-10-13,Nocturna,Provincia,4,5696,12584
2025-10-13,Nocturna,Provincia,5,5022,12584
2025-10-13,Nocturna,Provincia,6,4439,12584
2025-10-13,Nocturna,Provincia,7,7796,12584
2025-10-13,Nocturna,Provincia,8,1836,12584
2025-10-13,Nocturna,Provincia,9,1761,12584
2025-10-13,Nocturna,Provincia,10,9685,12584
2025-10-13,Nocturna,Provincia,11,0700,12584
2025-10-13,Nocturna,Provincia,12,2554,12584
2025-10-13,Nocturna,Provincia,13,7801,12584
2025-10-13,Nocturna,Provincia,14,9778,12584
2025-10-13,Nocturna,Provincia,15,8194,12584
2025-10-13,Nocturna,Provincia,16,1394,12584
2025-10-13,Nocturna,Provincia,17,6419,12584
2025-10-13,Nocturna,Provincia,18,5898,12584
2025-10-13,Nocturna,Provincia,19,6926,12584
2025-10-13,Nocturna,Provincia,20,8170,12584
2025-10-14,Nocturna,Provincia,1,3268,12585
2025-10-14,Nocturna,Provincia,2,7009,12585
2025-10-14,Nocturna,Provincia,3,4334,12585
2025-10-14,Nocturna,Provincia,4,7280,12585
2025-10-14,Nocturna,Provincia,5,6182,12585
2025-10-14,Nocturna,Provincia,6,6157,12585
2025-10-14,Nocturna,Provincia,7,0236,12585
2025-10-14,Nocturna,Provincia,8,2691,12585
2025-10-14,Nocturna,Provincia,9,4635,12585
2025-10-14,Nocturna,Provincia,10,0327,12585
2025-10-14,Nocturna,Provincia,11,2105,12585
2025-10-14,Nocturna,Provincia,12,0194,12585
2025-10-14,Nocturna,Provincia,13,8903,12585
2025-10-14,Nocturna,Provincia,14,4247,12585
2025-10-14,Nocturna,Provincia,15,7045,12585
2025-10-14,Nocturna,Provincia,16,1804,12585
2025-10-14,Nocturna,Provincia,17,9386,12585
2025-10-14,Nocturna,Provincia,18,9412,12585
2025-10-14,Nocturna,Provincia,19,2245,12585
2025-10-14,Nocturna,Provincia,20,7096,12585
2025-10-15,Nocturna,Provincia,1,8795,12586
2025-10-15,Nocturna,Provincia,2,6843,12586
2025-10-15,Nocturna,Provincia,3,9195,12586
2025-10-15,Nocturna,Provincia,4,7907,12586
2025-10-15,Nocturna,Provincia,5,1948,12586
2025-10-15,Nocturna,Provincia,6,1066,12586
2025-10-15,Nocturna,Provincia,7,6113,12586
2025-10-15,Nocturna,Provincia,8,2005,12586
2025-10-15,Nocturna,Provincia,9,2568,12586
2025-10-15,Nocturna,Provincia,10,3472,12586
2025-10-15,Nocturna,Provincia,11,2647,12586
2025-10-15,Nocturna,Provincia,12,1970,12586
2025-10-15,Nocturna,Provincia,13,7483,12586
2025-10-15,Nocturna,Provincia,14,1742,12586
2025-10-15,Nocturna,Provincia,15,6856,12586
2025-10-15,Nocturna,Provincia,16,1720,12586
2025-10-15,Nocturna,Provincia,17,5591,12586
2025-10-15,Nocturna,Provincia,18,8200,12586
2025-10-15,Nocturna,Provincia,19,2133,12586
2025-10-15,Nocturna,Provincia,20,2897,12586
2025-10-16,Nocturna,Provincia,1,2261,12587
2025-10-16,Nocturna,Provincia,2,9841,12587
2025-10-16,Nocturna,Provincia,3,5742,12587
2025-10-16,Nocturna,Provincia,4,3851,12587
2025-10-16,Nocturna,Provincia,5,0774,12587
2025-10-16,Nocturna,Provincia,6,7602,12587
2025-10-16,Nocturna,Provincia,7,3860,12587
2025-10-16,Nocturna,Provincia,8,0003,12587
2025-10-16,Nocturna,Provincia,9,7244,12587
2025-10-16,Nocturna,Provincia,10,8875,12587
2025-10-16,Nocturna,Provincia,11,2017,12587
2025-10-16,Nocturna,Provincia,12,3983,12587
2025-10-16,Nocturna,Provincia,13,2014,12587
2025-10-16,Nocturna,Provincia,14,1859,12587
2025-10-16,Nocturna,Provincia,15,0322,12587
2025-10-16,Nocturna,Provincia,16,4070,12587
2025-10-16,Nocturna,Provincia,17,7152,12587
2025-10-16,Nocturna,Provincia,18,4792,12587
2025-10-16,Nocturna,Provincia,19,3522,12587
2025-10-16,Nocturna,Provincia,20,6582,12587
2025-10-17,Nocturna,Provincia,1,8508,12588
2025-10-17,Nocturna,Provincia,2,7323,12588
2025-10-17,Nocturna,Provincia,3,2868,12588
2025-10-17,Nocturna,Provincia,4,3808,12588
2025-10-17,Nocturna,Provincia,5,6411,12588
2025-10-17,Nocturna,Provincia,6,2240,12588
2025-10-17,Nocturna,Provincia,7,4542,12588
2025-10-17,Nocturna,Provincia,8,7701,12588
2025-10-17,Nocturna,Provincia,9,4772,12588
2025-10-17,Nocturna,Provincia,10,1760,12588
2025-10-17,Nocturna,Provincia,11,0217,12588
2025-10-17,Nocturna,Provincia,12,6754,12588
2025-10-17,Nocturna,Provincia,13,2395,12588
2025-10-17,Nocturna,Provincia,14,1507,12588
2025-10-17,Nocturna,Provincia,15,7145,12588
2025-10-17,Nocturna,Provincia,16,9020,12588
2025-10-17,Nocturna,Provincia,17,4133,12588
2025-10-17,Nocturna,Provincia,18,0911,12588
2025-10-17,Nocturna,Provincia,19,0590,12588
2025-10-17,Nocturna,Provincia,20,8888,12588
2025-10-18,Nocturna,Provincia,1,1035,12589
2025-10-18,Nocturna,Provincia,2,2468,12589
2025-10-18,Nocturna,Provincia,3,3415,12589
2025-10-18,Nocturna,Provincia,4,0568,12589
2025-10-18,Nocturna,Provincia,5,6894,12589
2025-10-18,Nocturna,Provincia,6,7559,12589
2025-10-18,Nocturna,Provincia,7,3635,12589
2025-10-18,Nocturna,Provincia,8,2872,12589
2025-10-18,Nocturna,Provincia,9,1353,12589
2025-10-18,Nocturna,Provincia,10,4915,12589
2025-10-18,Nocturna,Provincia,11,5767,12589
2025-10-18,Nocturna,Provincia,12,6878,12589
2025-10-18,Nocturna,Provincia,13,6226,12589
2025-10-18,Nocturna,Provincia,14,1127,12589
2025-10-18,Nocturna,Provincia,15,1996,12589
2025-10-18,Nocturna,Provincia,16,7186,12589
2025-10-18,Nocturna,Provincia,17,2159,12589
2025-10-18,Nocturna,Provincia,18,2657,12589
2025-10-18,Nocturna,Provincia,19,6573,12589
2025-10-18,Nocturna,Provincia,20,4846,12589
2025-10-20,Nocturna,Provincia,1,6299,12590
2025-10-20,Nocturna,Provincia,2,4263,12590
2025-10-20,Nocturna,Provincia,3,6380,12590
2025-10-20,Nocturna,Provincia,4,4444,12590
2025-10-20,Nocturna,Provincia,5,5617,12590
2025-10-20,Nocturna,Provincia,6,3163,12590
2025-10-20,Nocturna,Provincia,7,9020,12590
2025-10-20,Nocturna,Provincia,8,2999,12590
2025-10-20,Nocturna,Provincia,9,1974,12590
2025-10-20,Nocturna,Provincia,10,9419,12590
2025-10-20,Nocturna,Provincia,11,0456,12590
2025-10-20,Nocturna,Provincia,12,1628,12590
2025-10-20,Nocturna,Provincia,13,1775,12590
2025-10-20,Nocturna,Provincia,14,6645,12590
2025-10-20,Nocturna,Provincia,15,4393,12590
2025-10-20,Nocturna,Provincia,16,3578,12590
2025-10-20,Nocturna,Provincia,17,0711,12590
2025-10-20,Nocturna,Provincia,18,3862,12590
2025-10-20,Nocturna,Provincia,19,0918,12590
2025-10-20,Nocturna,Provincia,20,5453,12590
2025-10-21,Nocturna,Provincia,1,2394,12591
2025-10-21,Nocturna,Provincia,2,3200,12591
2025-10-21,Nocturna,Provincia,3,5560,12591
2025-10-21,Nocturna,Provincia,4,2668,12591
2025-10-21,Nocturna,Provincia,5,8752,12591
2025-10-21,Nocturna,Provincia,6,0549,12591
2025-10-21,Nocturna,Provincia,7,7476,12591
2025-10-21,Nocturna,Provincia,8,1778,12591
2025-10-21,Nocturna,Provincia,9,8310,12591
2025-10-21,Nocturna,Provincia,10,5981,12591
2025-10-21,Nocturna,Provincia,11,2868,12591
2025-10-21,Nocturna,Provincia,12,4304,12591
2025-10-21,Nocturna,Provincia,13,7032,12591
2025-10-21,Nocturna,Provincia,14,7502,12591
2025-10-21,Nocturna,Provincia,15,2556,12591
2025-10-21,Nocturna,Provincia,16,0787,12591
2025-10-21,Nocturna,Provincia,17,5067,12591
2025-10-21,Nocturna,Provincia,18,1845,12591
2025-10-21,Nocturna,Provincia,19,1158,12591
2025-10-21,Nocturna,Provincia,20,5027,12591
2025-10-22,Nocturna,Provincia,1,0751,12592
2025-10-22,Nocturna,Provincia,2,5374,12592
2025-10-22,Nocturna,Provincia,3,2783,12592
2025-10-22,Nocturna,Provincia,4,9559,12592
2025-10-22,Nocturna,Provincia,5,6828,12592
2025-10-22,Nocturna,Provincia,6,1839,12592
2025-10-22,Nocturna,Provincia,7,0741,12592
2025-10-22,Nocturna,Provincia,8,9087,12592
2025-10-22,Nocturna,Provincia,9,1721,12592
2025-10-22,Nocturna,Provincia,10,0151,12592
2025-10-22,Nocturna,Provincia,11,9956,12592
2025-10-22,Nocturna,Provincia,12,0806,12592
2025-10-22,Nocturna,Provincia,13,9069,12592
2025-10-22,Nocturna,Provincia,14,3843,12592
2025-10-22,Nocturna,Provincia,15,7777,12592
2025-10-22,Nocturna,Provincia,16,2055,12592
2025-10-22,Nocturna,Provincia,17,3267,12592
2025-10-22,Nocturna,Provincia,18,6709,12592
2025-10-22,Nocturna,Provincia,19,9525,12592
2025-10-22,Nocturna,Provincia,20,8258,12592
2025-10-23,Nocturna,Provincia,1,2671,12593
2025-10-23,Nocturna,Provincia,2,4278,12593
2025-10-23,Nocturna,Provincia,3,3121,12593
2025-10-23,Nocturna,Provincia,4,7950,12593
2025-10-23,Nocturna,Provincia,5,4229,12593
2025-10-23,Nocturna,Provincia,6,5236,12593
2025-10-23,Nocturna,Provincia,7,9464,12593
2025-10-23,Nocturna,Provincia,8,1361,12593
2025-10-23,Nocturna,Provincia,9,5024,12593
2025-10-23,Nocturna,Provincia,10,6122,12593
2025-10-23,Nocturna,Provincia,11,3914,12593
2025-10-23,Nocturna,Provincia,12,8281,12593
2025-10-23,Nocturna,Provincia,13,9881,12593
2025-10-23,Nocturna,Provincia,14,9447,12593
2025-10-23,Nocturna,Provincia,15,6074,12593
2025-10-23,Nocturna,Provincia,16,7656,12593
2025-10-23,Nocturna,Provincia,17,2502,12593
2025-10-23,Nocturna,Provincia,18,0217,12593
2025-10-23,Nocturna,Provincia,19,3148,12593
2025-10-23,Nocturna,Provincia,20,4972,12593
2025-10-24,Nocturna,Provincia,1,0546,12594
2025-10-24,Nocturna,Provincia,2,2149,12594
2025-10-24,Nocturna,Provincia,3,1456,12594
2025-10-24,Nocturna,Provincia,4,9449,12594
2025-10-24,Nocturna,Provincia,5,9789,12594
2025-10-24,Nocturna,Provincia,6,3166,12594
2025-10-24,Nocturna,Provincia,7,0929,12594
2025-10-24,Nocturna,Provincia,8,1338,12594
2025-10-24,Nocturna,Provincia,9,2710,12594
2025-10-24,Nocturna,Provincia,10,0874,12594
2025-10-24,Nocturna,Provincia,11,9780,12594
2025-10-24,Nocturna,Provincia,12,9740,12594
2025-10-24,Nocturna,Provincia,13,3217,12594
2025-10-24,Nocturna,Provincia,14,3178,12594
2025-10-24,Nocturna,Provincia,15,4209,12594
2025-10-24,Nocturna,Provincia,16,6751,12594
2025-10-24,Nocturna,Provincia,17,1059,12594
2025-10-24,Nocturna,Provincia,18,6413,12594
2025-10-24,Nocturna,Provincia,19,1849,12594
2025-10-24,Nocturna,Provincia,20,3609,12594
2025-10-25,Nocturna,Provincia,1,1754,12595
2025-10-25,Nocturna,Provincia,2,4225,12595
2025-10-25,Nocturna,Provincia,3,6964,12595
2025-10-25,Nocturna,Provincia,4,2616,12595
2025-10-25,Nocturna,Provincia,5,6563,12595
2025-10-25,Nocturna,Provincia,6,4108,12595
2025-10-25,Nocturna,Provincia,7,4501,12595
2025-10-25,Nocturna,Provincia,8,0597,12595
2025-10-25,Nocturna,Provincia,9,6013,12595
2025-10-25,Nocturna,Provincia,10,8248,12595
2025-10-25,Nocturna,Provincia,11,3559,12595
2025-10-25,Nocturna,Provincia,12,7292,12595
2025-10-25,Nocturna,Provincia,13,6054,12595
2025-10-25,Nocturna,Provincia,14,6085,12595
2025-10-25,Nocturna,Provincia,15,7176,12595
2025-10-25,Nocturna,Provincia,16,5997,12595
2025-10-25,Nocturna,Provincia,17,7029,12595
2025-10-25,Nocturna,Provincia,18,7426,12595
2025-10-25,Nocturna,Provincia,19,5561,12595
2025-10-25,Nocturna,Provincia,20,2265,12595
2025-10-27,Nocturna,Provincia,1,9705,12596
2025-10-27,Nocturna,Provincia,2,4641,12596
2025-10-27,Nocturna,Provincia,3,4709,12596
2025-10-27,Nocturna,Provincia,4,1141,12596
2025-10-27,Nocturna,Provincia,5,1032,12596
2025-10-27,Nocturna,Provincia,6,8107,12596
2025-10-27,Nocturna,Provincia,7,9448,12596
2025-10-27,Nocturna,Provincia,8,6793,12596
2025-10-27,Nocturna,Provincia,9,0963,12596
2025-10-27,Nocturna,Provincia,10,8218,12596
2025-10-27,Nocturna,Provincia,11,1362,12596
2025-10-27,Nocturna,Provincia,12,6059,12596
2025-10-27,Nocturna,Provincia,13,4888,12596
2025-10-27,Nocturna,Provincia,14,2007,12596
2025-10-27,Nocturna,Provincia,15,7352,12596
2025-10-27,Nocturna,Provincia,16,6763,12596
2025-10-27,Nocturna,Provincia,17,1803,12596
2025-10-27,Nocturna,Provincia,18,8499,12596
2025-10-27,Nocturna,Provincia,19,6701,12596
2025-10-27,Nocturna,Provincia,20,9343,12596
2025-10-28,Nocturna,Provincia,1,6449,12597
2025-10-28,Nocturna,Provincia,2,8304,12597
2025-10-28,Nocturna,Provincia,3,0477,12597
2025-10-28,Nocturna,Provincia,4,1837,12597
2025-10-28,Nocturna,Provincia,5,9434,12597
2025-10-28,Nocturna,Provincia,6,6050,12597
2025-10-28,Nocturna,Provincia,7,0587,12597
2025-10-28,Nocturna,Provincia,8,6303,12597
2025-10-28,Nocturna,Provincia,9,5936,12597
2025-10-28,Nocturna,Provincia,10,4426,12597
2025-10-28,Nocturna,Provincia,11,0523,12597
2025-10-28,Nocturna,Provincia,12,0251,12597
2025-10-28,Nocturna,Provincia,13,4933,12597
2025-10-28,Nocturna,Provincia,14,1913,12597
2025-10-28,Nocturna,Provincia,15,3165,12597
2025-10-28,Nocturna,Provincia,16,7224,12597
2025-10-28,Nocturna,Provincia,17,3516,12597
2025-10-28,Nocturna,Provincia,18,5325,12597
2025-10-28,Nocturna,Provincia,19,9631,12597
2025-10-28,Nocturna,Provincia,20,9011,12597
2025-10-29,Nocturna,Provincia,1,6052,12598
2025-10-29,Nocturna,Provincia,2,7071,12598
2025-10-29,Nocturna,Provincia,3,9453,12598
2025-10-29,Nocturna,Provincia,4,2472,12598
2025-10-29,Nocturna,Provincia,5,1460,12598
2025-10-29,Nocturna,Provincia,6,0152,12598
2025-10-29,Nocturna,Provincia,7,2261,12598
2025-10-29,Nocturna,Provincia,8,0743,12598
2025-10-29,Nocturna,Provincia,9,1522,12598
2025-10-29,Nocturna,Provincia,10,4636,12598
2025-10-29,Nocturna,Provincia,11,0406,12598
2025-10-29,Nocturna,Provincia,12,9640,12598
2025-10-29,Nocturna,Provincia,13,7253,12598
2025-10-29,Nocturna,Provincia,14,8922,12598
2025-10-29,Nocturna,Provincia,15,2329,12598
2025-10-29,Nocturna,Provincia,16,9143,12598
2025-10-29,Nocturna,Provincia,17,6734,12598
2025-10-29,Nocturna,Provincia,18,2388,12598
2025-10-29,Nocturna,Provincia,19,1661,12598
2025-10-29,Nocturna,Provincia,20,5359,12598
2025-10-30,Nocturna,Provincia,1,0639,12599
2025-10-30,Nocturna,Provincia,2,8479,12599
2025-10-30,Nocturna,Provincia,3,2371,12599
2025-10-30,Nocturna,Provincia,4,9851,12599
2025-10-30,Nocturna,Provincia,5,0221,12599
2025-10-30,Nocturna,Provincia,6,0810,12599
2025-10-30,Nocturna,Provincia,7,8768,12599
2025-10-30,Nocturna,Provincia,8,9210,12599
2025-10-30,Nocturna,Provincia,9,0110,12599
2025-10-30,Nocturna,Provincia,10,2730,12599
2025-10-30,Nocturna,Provincia,11,5770,12599
2025-10-30,Nocturna,Provincia,12,4231,12599
2025-10-30,Nocturna,Provincia,13,2610,12599
2025-10-30,Nocturna,Provincia,14,7683,12599
2025-10-30,Nocturna,Provincia,15,9858,12599
2025-10-30,Nocturna,Provincia,16,4485,12599
2025-10-30,Nocturna,Provincia,17,2696,12599
2025-10-30,Nocturna,Provincia,18,7009,12599
2025-10-30,Nocturna,Provincia,19,7429,12599
2025-10-30,Nocturna,Provincia,20,3143,12599
2025-10-31,Nocturna,Provincia,1,0979,12600
2025-10-31,Nocturna,Provincia,2,1707,12600
2025-10-31,Nocturna,Provincia,3,2156,12600
2025-10-31,Nocturna,Provincia,4,5525,12600
2025-10-31,Nocturna,Provincia,5,1872,12600
2025-10-31,Nocturna,Provincia,6,6837,12600
2025-10-31,Nocturna,Provincia,7,0579,12600
2025-10-31,Nocturna,Provincia,8,6463,12600
2025-10-31,Nocturna,Provincia,9,1576,12600
2025-10-31,Nocturna,Provincia,10,4670,12600
2025-10-31,Nocturna,Provincia,11,4276,12600
2025-10-31,Nocturna,Provincia,12,5072,12600
2025-10-31,Nocturna,Provincia,13,1372,12600
2025-10-31,Nocturna,Provincia,14,0439,12600
2025-10-31,Nocturna,Provincia,15,8344,12600
2025-10-31,Nocturna,Provincia,16,9278,12600
2025-10-31,Nocturna,Provincia,17,1788,12600
2025-10-31,Nocturna,Provincia,18,1732,12600
2025-10-31,Nocturna,Provincia,19,7893,12600
2025-10-31,Nocturna,Provincia,20,9108,12600
2025-11-01,Nocturna,Provincia,1,3866,12601
2025-11-01,Nocturna,Provincia,2,0712,12601
2025-11-01,Nocturna,Provincia,3,7789,12601
2025-11-01,Nocturna,Provincia,4,5628,12601
2025-11-01,Nocturna,Provincia,5,9973,12601
2025-11-01,Nocturna,Provincia,6,9402,12601
2025-11-01,Nocturna,Provincia,7,3736,12601
2025-11-01,Nocturna,Provincia,8,7304,12601
2025-11-01,Nocturna,Provincia,9,7901,12601
2025-11-01,Nocturna,Provincia,10,3309,12601
2025-11-01,Nocturna,Provincia,11,8145,12601
2025-11-01,Nocturna,Provincia,12,9714,12601
2025-11-01,Nocturna,Provincia,13,4761,12601
2025-11-01,Nocturna,Provincia,14,0922,12601
2025-11-01,Nocturna,Provincia,15,0149,12601
2025-11-01,Nocturna,Provincia,16,0706,12601
2025-11-01,Nocturna,Provincia,17,1041,12601
2025-11-01,Nocturna,Provincia,18,1912,12601
2025-11-01,Nocturna,Provincia,19,7687,12601
2025-11-01,Nocturna,Provincia,20,6828,12601
2025-11-03,Nocturna,Provincia,1,8384,12602
2025-11-03,Nocturna,Provincia,2,1715,12602
2025-11-03,Nocturna,Provincia,3,7223,12602
2025-11-03,Nocturna,Provincia,4,1283,12602
2025-11-03,Nocturna,Provincia,5,1436,12602
2025-11-03,Nocturna,Provincia,6,3089,12602
2025-11-03,Nocturna,Provincia,7,8457,12602
2025-11-03,Nocturna,Provincia,8,2507,12602
2025-11-03,Nocturna,Provincia,9,0492,12602
2025-11-03,Nocturna,Provincia,10,5359,12602
2025-11-03,Nocturna,Provincia,11,1833,12602
2025-11-03,Nocturna,Provincia,12,8683,12602
2025-11-03,Nocturna,Provincia,13,7834,12602
2025-11-03,Nocturna,Provincia,14,0192,12602
2025-11-03,Nocturna,Provincia,15,3076,12602
2025-11-03,Nocturna,Provincia,16,4759,12602
2025-11-03,Nocturna,Provincia,17,3037,12602
2025-11-03,Nocturna,Provincia,18,3120,12602
2025-11-03,Nocturna,Provincia,19,0094,12602
2025-11-03,Nocturna,Provincia,20,7354,12602
2025-11-04,Nocturna,Provincia,1,7488,12603
2025-11-04,Nocturna,Provincia,2,9099,12603
2025-11-04,Nocturna,Provincia,3,9058,12603
2025-11-04,Nocturna,Provincia,4,0324,12603
2025-11-04,Nocturna,Provincia,5,8364,12603
2025-11-04,Nocturna,Provincia,6,7360,12603
2025-11-04,Nocturna,Provincia,7,6743,12603
2025-11-04,Nocturna,Provincia,8,9478,12603
2025-11-04,Nocturna,Provincia,9,4262,12603
2025-11-04,Nocturna,Provincia,10,2221,12603
2025-11-04,Nocturna,Provincia,11,8877,12603
2025-11-04,Nocturna,Provincia,12,8805,12603
2025-11-04,Nocturna,Provincia,13,2609,12603
2025-11-04,Nocturna,Provincia,14,5735,12603
2025-11-04,Nocturna,Provincia,15,7523,12603
2025-11-04,Nocturna,Provincia,16,3468,12603
2025-11-04,Nocturna,Provincia,17,5551,12603
2025-11-04,Nocturna,Provincia,18,4237,12603
2025-11-04,Nocturna,Provincia,19,2701,12603
2025-11-04,Nocturna,Provincia,20,5678,12603
2025-11-05,Nocturna,Provincia,1,2770,12604
2025-11-05,Nocturna,Provincia,2,9008,12604
2025-11-05,Nocturna,Provincia,3,4668,12604
2025-11-05,Nocturna,Provincia,4,7929,12604
2025-11-05,Nocturna,Provincia,5,5606,12604
2025-11-05,Nocturna,Provincia,6,1255,12604
2025-11-05,Nocturna,Provincia,7,1761,12604
2025-11-05,Nocturna,Provincia,8,1461,12604
2025-11-05,Nocturna,Provincia,9,7559,12604
2025-11-05,Nocturna,Provincia,10,6015,12604
2025-11-05,Nocturna,Provincia,11,6320,12604
2025-11-05,Nocturna,Provincia,12,8231,12604
2025-11-05,Nocturna,Provincia,13,8652,12604
2025-11-05,Nocturna,Provincia,14,9039,12604
2025-11-05,Nocturna,Provincia,15,7787,12604
2025-11-05,Nocturna,Provincia,16,4876,12604
2025-11-05,Nocturna,Provincia,17,5540,12604
2025-11-05,Nocturna,Provincia,18,9556,12604
2025-11-05,Nocturna,Provincia,19,3819,12604
2025-11-05,Nocturna,Provincia,20,3871,12604
2025-11-06,Nocturna,Provincia,1,4368,12605
2025-11-06,Nocturna,Provincia,2,4265,12605
2025-11-06,Nocturna,Provincia,3,1203,12605
2025-11-06,Nocturna,Provincia,4,5797,12605
2025-11-06,Nocturna,Provincia,5,9123,12605
2025-11-06,Nocturna,Provincia,6,0703,12605
2025-11-06,Nocturna,Provincia,7,5376,12605
2025-11-06,Nocturna,Provincia,8,3658,12605
2025-11-06,Nocturna,Provincia,9,4368,12605
2025-11-06,Nocturna,Provincia,10,6721,12605
2025-11-06,Nocturna,Provincia,11,5041,12605
2025-11-06,Nocturna,Provincia,12,7764,12605
2025-11-06,Nocturna,Provincia,13,9564,12605
2025-11-06,Nocturna,Provincia,14,2810,12605
2025-11-06,Nocturna,Provincia,15,9349,12605
2025-11-06,Nocturna,Provincia,16,7447,12605
2025-11-06,Nocturna,Provincia,17,7973,12605
2025-11-06,Nocturna,Provincia,18,4278,12605
2025-11-06,Nocturna,Provincia,19,2012,12605
2025-11-06,Nocturna,Provincia,20,4062,12605
2025-11-07,Nocturna,Provincia,1,5759,12606
2025-11-07,Nocturna,Provincia,2,4879,12606
2025-11-07,Nocturna,Provincia,3,0414,12606
2025-11-07,Nocturna,Provincia,4,5079,12606
2025-11-07,Nocturna,Provincia,5,2676,12606
2025-11-07,Nocturna,Provincia,6,7679,12606
2025-11-07,Nocturna,Provincia,7,1167,12606
2025-11-07,Nocturna,Provincia,8,1162,12606
2025-11-07,Nocturna,Provincia,9,8547,12606
2025-11-07,Nocturna,Provincia,10,8801,12606
2025-11-07,Nocturna,Provincia,11,7227,12606
2025-11-07,Nocturna,Provincia,12,7642,12606
2025-11-07,Nocturna,Provincia,13,8043,12606
2025-11-07,Nocturna,Provincia,14,6500,12606
2025-11-07,Nocturna,Provincia,15,7157,12606
2025-11-07,Nocturna,Provincia,16,4289,12606
2025-11-07,Nocturna,Provincia,17,6852,12606
2025-11-07,Nocturna,Provincia,18,7521,12606
2025-11-07,Nocturna,Provincia,19,6243,12606
2025-11-07,Nocturna,Provincia,20,0170,12606
2025-11-08,Nocturna,Provincia,1,0004,12607
2025-11-08,Nocturna,Provincia,2,8468,12607
2025-11-08,Nocturna,Provincia,3,2835,12607
2025-11-08,Nocturna,Provincia,4,3222,12607
2025-11-08,Nocturna,Provincia,5,2423,12607
2025-11-08,Nocturna,Provincia,6,6872,12607
2025-11-08,Nocturna,Provincia,7,1794,12607
2025-11-08,Nocturna,Provincia,8,0055,12607
2025-11-08,Nocturna,Provincia,9,4537,12607
2025-11-08,Nocturna,Provincia,10,3786,12607
2025-11-08,Nocturna,Provincia,11,3641,12607
2025-11-08,Nocturna,Provincia,12,2584,12607
2025-11-08,Nocturna,Provincia,13,6879,12607
2025-11-08,Nocturna,Provincia,14,1664,12607
2025-11-08,Nocturna,Provincia,15,4044,12607
2025-11-08,Nocturna,Provincia,16,2298,12607
2025-11-08,Nocturna,Provincia,17,3046,12607
2025-11-08,Nocturna,Provincia,18,0606,12607
2025-11-08,Nocturna,Provincia,19,4634,12607
2025-11-08,Nocturna,Provincia,20,2269,12607
2025-11-10,Nocturna,Provincia,1,4941,12608
2025-11-10,Nocturna,Provincia,2,4744,12608
2025-11-10,Nocturna,Provincia,3,7471,12608
2025-11-10,Nocturna,Provincia,4,2257,12608
2025-11-10,Nocturna,Provincia,5,5602,12608
2025-11-10,Nocturna,Provincia,6,6662,12608
2025-11-10,Nocturna,Provincia,7,0820,12608
2025-11-10,Nocturna,Provincia,8,9015,12608
2025-11-10,Nocturna,Provincia,9,0029,12608
2025-11-10,Nocturna,Provincia,10,8640,12608
2025-11-10,Nocturna,Provincia,11,5824,12608
2025-11-10,Nocturna,Provincia,12,6950,12608
2025-11-10,Nocturna,Provincia,13,3748,12608
2025-11-10,Nocturna,Provincia,14,5231,12608
2025-11-10,Nocturna,Provincia,15,5647,12608
2025-11-10,Nocturna,Provincia,16,2839,12608
2025-11-10,Nocturna,Provincia,17,2615,12608
2025-11-10,Nocturna,Provincia,18,8076,12608
2025-11-10,Nocturna,Provincia,19,1139,12608
2025-11-10,Nocturna,Provincia,20,9122,12608
2025-11-11,Nocturna,Provincia,1,4892,12609
2025-11-11,Nocturna,Provincia,2,0527,12609
2025-11-11,Nocturna,Provincia,3,9220,12609
2025-11-11,Nocturna,Provincia,4,7809,12609
2025-11-11,Nocturna,Provincia,5,8357,12609
2025-11-11,Nocturna,Provincia,6,1629,12609
2025-11-11,Nocturna,Provincia,7,3546,12609
2025-11-11,Nocturna,Provincia,8,8821,12609
2025-11-11,Nocturna,Provincia,9,1770,12609
2025-11-11,Nocturna,Provincia,10,3088,12609
2025-11-11,Nocturna,Provincia,11,3163,12609
2025-11-11,Nocturna,Provincia,12,8776,12609
2025-11-11,Nocturna,Provincia,13,7618,12609
2025-11-11,Nocturna,Provincia,14,8568,12609
2025-11-11,Nocturna,Provincia,15,6103,12609
2025-11-11,Nocturna,Provincia,16,6106,12609
2025-11-11,Nocturna,Provincia,17,0546,12609
2025-11-11,Nocturna,Provincia,18,7265,12609
2025-11-11,Nocturna,Provincia,19,2746,12609
2025-11-11,Nocturna,Provincia,20,6806,12609
2025-11-12,Nocturna,Provincia,1,7267,12610
2025-11-12,Nocturna,Provincia,2,9845,12610
2025-11-12,Nocturna,Provincia,3,3401,12610
2025-11-12,Nocturna,Provincia,4,2479,12610
2025-11-12,Nocturna,Provincia,5,8953,12610
2025-11-12,Nocturna,Provincia,6,2003,12610
2025-11-12,Nocturna,Provincia,7,6473,12610
2025-11-12,Nocturna,Provincia,8,2087,12610
2025-11-12,Nocturna,Provincia,9,3690,12610
2025-11-12,Nocturna,Provincia,10,7412,12610
2025-11-12,Nocturna,Provincia,11,3629,12610
2025-11-12,Nocturna,Provincia,12,7030,12610
2025-11-12,Nocturna,Provincia,13,2147,12610
2025-11-12,Nocturna,Provincia,14,2238,12610
2025-11-12,Nocturna,Provincia,15,4052,12610
2025-11-12,Nocturna,Provincia,16,3401,12610
2025-11-12,Nocturna,Provincia,17,2853,12610
2025-11-12,Nocturna,Provincia,18,9568,12610
2025-11-12,Nocturna,Provincia,19,5238,12610
2025-11-12,Nocturna,Provincia,20,3828,12610
2025-11-13,Nocturna,Provincia,1,8449,12611
2025-11-13,Nocturna,Provincia,2,7939,12611
2025-11-13,Nocturna,Provincia,3,6971,12611
2025-11-13,Nocturna,Provincia,4,8941,12611
2025-11-13,Nocturna,Provincia,5,5529,12611
2025-11-13,Nocturna,Provincia,6,3990,12611
2025-11-13,Nocturna,Provincia,7,7126,12611
2025-11-13,Nocturna,Provincia,8,1234,12611
2025-11-13,Nocturna,Provincia,9,8259,12611
2025-11-13,Nocturna,Provincia,10,4831,12611
2025-11-13,Nocturna,Provincia,11,3327,12611
2025-11-13,Nocturna,Provincia,12,7347,12611
2025-11-13,Nocturna,Provincia,13,4803,12611
2025-11-13,Nocturna,Provincia,14,2475,12611
2025-11-13,Nocturna,Provincia,15,5041,12611
2025-11-13,Nocturna,Provincia,16,6521,12611
2025-11-13,Nocturna,Provincia,17,7400,12611
2025-11-13,Nocturna,Provincia,18,3440,12611
2025-11-13,Nocturna,Provincia,19,4674,12611
2025-11-13,Nocturna,Provincia,20,5917,12611
2025-11-14,Nocturna,Provincia,1,3113,12612
2025-11-14,Nocturna,Provincia,2,4612,12612
2025-11-14,Nocturna,Provincia,3,6148,12612
2025-11-14,Nocturna,Provincia,4,8800,12612
2025-11-14,Nocturna,Provincia,5,1102,12612
2025-11-14,Nocturna,Provincia,6,7803,12612
2025-11-14,Nocturna,Provincia,7,5613,12612
2025-11-14,Nocturna,Provincia,8,7114,12612
2025-11-14,Nocturna,Provincia,9,1704,12612
2025-11-14,Nocturna,Provincia,10,6386,12612
2025-11-14,Nocturna,Provincia,11,4673,12612
2025-11-14,Nocturna,Provincia,12,7477,12612
2025-11-14,Nocturna,Provincia,13,8892,12612
2025-11-14,Nocturna,Provincia,14,7341,12612
2025-11-14,Nocturna,Provincia,15,2545,12612
2025-11-14,Nocturna,Provincia,16,9617,12612
2025-11-14,Nocturna,Provincia,17,5645,12612
2025-11-14,Nocturna,Provincia,18,8023,12612
2025-11-14,Nocturna,Provincia,19,8529,12612
2025-11-14,Nocturna,Provincia,20,4955,12612
2025-11-15,Nocturna,Provincia,1,8009,12613
2025-11-15,Nocturna,Provincia,2,3013,12613
2025-11-15,Nocturna,Provincia,3,8881,12613
2025-11-15,Nocturna,Provincia,4,8452,12613
2025-11-15,Nocturna,Provincia,5,2408,12613
2025-11-15,Nocturna,Provincia,6,5906,12613
2025-11-15,Nocturna,Provincia,7,5798,12613
2025-11-15,Nocturna,Provincia,8,5178,12613
2025-11-15,Nocturna,Provincia,9,8096,12613
2025-11-15,Nocturna,Provincia,10,3578,12613
2025-11-15,Nocturna,Provincia,11,0467,12613
2025-11-15,Nocturna,Provincia,12,7970,12613
2025-11-15,Nocturna,Provincia,13,1754,12613
2025-11-15,Nocturna,Provincia,14,8432,12613
2025-11-15,Nocturna,Provincia,15,5942,12613
2025-11-15,Nocturna,Provincia,16,1371,12613
2025-11-15,Nocturna,Provincia,17,2285,12613
2025-11-15,Nocturna,Provincia,18,6269,12613
2025-11-15,Nocturna,Provincia,19,1478,12613
2025-11-15,Nocturna,Provincia,20,5398,12613
2025-11-17,Nocturna,Provincia,1,7671,12614
2025-11-17,Nocturna,Provincia,2,9926,12614
2025-11-17,Nocturna,Provincia,3,3135,12614
2025-11-17,Nocturna,Provincia,4,9181,12614
2025-11-17,Nocturna,Provincia,5,9419,12614
2025-11-17,Nocturna,Provincia,6,3384,12614
2025-11-17,Nocturna,Provincia,7,7530,12614
2025-11-17,Nocturna,Provincia,8,3878,12614
2025-11-17,Nocturna,Provincia,9,3093,12614
2025-11-17,Nocturna,Provincia,10,5893,12614
2025-11-17,Nocturna,Provincia,11,0703,12614
2025-11-17,Nocturna,Provincia,12,7831,12614
2025-11-17,Nocturna,Provincia,13,9104,12614
2025-11-17,Nocturna,Provincia,14,2169,12614
2025-11-17,Nocturna,Provincia,15,0953,12614
2025-11-17,Nocturna,Provincia,16,5850,12614
2025-11-17,Nocturna,Provincia,17,6073,12614
2025-11-17,Nocturna,Provincia,18,7916,12614
2025-11-17,Nocturna,Provincia,19,9500,12614
2025-11-17,Nocturna,Provincia,20,8492,12614
2025-11-18,Nocturna,Provincia,1,3549,12615
2025-11-18,Nocturna,Provincia,2,6360,12615
2025-11-18,Nocturna,Provincia,3,0759,12615
2025-11-18,Nocturna,Provincia,4,5038,12615
2025-11-18,Nocturna,Provincia,5,8456,12615
2025-11-18,Nocturna,Provincia,6,6198,12615
2025-11-18,Nocturna,Provincia,7,9196,12615
2025-11-18,Nocturna,Provincia,8,4727,12615
2025-11-18,Nocturna,Provincia,9,1472,12615
2025-11-18,Nocturna,Provincia,10,7798,12615
2025-11-18,Nocturna,Provincia,11,0795,12615
2025-11-18,Nocturna,Provincia,12,9655,12615
2025-11-18,Nocturna,Provincia,13,5225,12615
2025-11-18,Nocturna,Provincia,14,4290,12615
2025-11-18,Nocturna,Provincia,15,9878,12615
2025-11-18,Nocturna,Provincia,16,8544,12615
2025-11-18,Nocturna,Provincia,17,1912,12615
2025-11-18,Nocturna,Provincia,18,0029,12615
2025-11-18,Nocturna,Provincia,19,4769,12615
2025-11-18,Nocturna,Provincia,20,1509,12615
2025-11-19,Nocturna,Provincia,1,4367,12616
2025-11-19,Nocturna,Provincia,2,4054,12616
2025-11-19,Nocturna,Provincia,3,8020,12616
2025-11-19,Nocturna,Provincia,4,1722,12616
2025-11-19,Nocturna,Provincia,5,5632,12616
2025-11-19,Nocturna,Provincia,6,9871,12616
2025-11-19,Nocturna,Provincia,7,2964,12616
2025-11-19,Nocturna,Provincia,8,2199,12616
2025-11-19,Nocturna,Provincia,9,3585,12616
2025-11-19,Nocturna,Provincia,10,4558,12616
2025-11-19,Nocturna,Provincia,11,8438,12616
2025-11-19,Nocturna,Provincia,12,5817,12616
2025-11-19,Nocturna,Provincia,13,9537,12616
2025-11-19,Nocturna,Provincia,14,7652,12616
2025-11-19,Nocturna,Provincia,15,2825,12616
2025-11-19,Nocturna,Provincia,16,9751,12616
2025-11-19,Nocturna,Provincia,17,4893,12616
2025-11-19,Nocturna,Provincia,18,3534,12616
2025-11-19,Nocturna,Provincia,19,4008,12616
2025-11-19,Nocturna,Provincia,20,4126,12616
2025-11-20,Nocturna,Provincia,1,8053,12617
2025-11-20,Nocturna,Provincia,2,0910,12617
2025-11-20,Nocturna,Provincia,3,3113,12617
2025-11-20,Nocturna,Provincia,4,2900,12617
2025-11-20,Nocturna,Provincia,5,4267,12617
2025-11-20,Nocturna,Provincia,6,8100,12617
2025-11-20,Nocturna,Provincia,7,7631,12617
2025-11-20,Nocturna,Provincia,8,8045,12617
2025-11-20,Nocturna,Provincia,9,2650,12617
2025-11-20,Nocturna,Provincia,10,2891,12617
2025-11-20,Nocturna,Provincia,11,4531,12617
2025-11-20,Nocturna,Provincia,12,3785,12617
2025-11-20,Nocturna,Provincia,13,3710,12617
2025-11-20,Nocturna,Provincia,14,3878,12617
2025-11-20,Nocturna,Provincia,15,9731,12617
2025-11-20,Nocturna,Provincia,16,5199,12617
2025-11-20,Nocturna,Provincia,17,8313,12617
2025-11-20,Nocturna,Provincia,18,2014,12617
2025-11-20,Nocturna,Provincia,19,4086,12617
2025-11-20,Nocturna,Provincia,20,3918,12617
2025-11-21,Nocturna,Provincia,1,8706,12618
2025-11-21,Nocturna,Provincia,2,8056,12618
2025-11-21,Nocturna,Provincia,3,9551,12618
2025-11-21,Nocturna,Provincia,4,3014,12618
2025-11-21,Nocturna,Provincia,5,2206,12618
2025-11-21,Nocturna,Provincia,6,6651,12618
2025-11-21,Nocturna,Provincia,7,9381,12618
2025-11-21,Nocturna,Provincia,8,1274,12618
2025-11-21,Nocturna,Provincia,9,5253,12618
2025-11-21,Nocturna,Provincia,10,1979,12618
2025-11-21,Nocturna,Provincia,11,5101,12618
2025-11-21,Nocturna,Provincia,12,3379,12618
2025-11-21,Nocturna,Provincia,13,9772,12618
2025-11-21,Nocturna,Provincia,14,6226,12618
2025-11-21,Nocturna,Provincia,15,1212,12618
2025-11-21,Nocturna,Provincia,16,8822,12618
2025-11-21,Nocturna,Provincia,17,7225,12618
2025-11-21,Nocturna,Provincia,18,6351,12618
2025-11-21,Nocturna,Provincia,19,6430,12618
2025-11-21,Nocturna,Provincia,20,4664,12618
2025-11-22,Nocturna,Provincia,1,0736,12619
2025-11-22,Nocturna,Provincia,2,7371,12619
2025-11-22,Nocturna,Provincia,3,4162,12619
2025-11-22,Nocturna,Provincia,4,2394,12619
2025-11-22,Nocturna,Provincia,5,8684,12619
2025-11-22,Nocturna,Provincia,6,5929,12619
2025-11-22,Nocturna,Provincia,7,5688,12619
2025-11-22,Nocturna,Provincia,8,9570,12619
2025-11-22,Nocturna,Provincia,9,3828,12619
2025-11-22,Nocturna,Provincia,10,9464,12619
2025-11-22,Nocturna,Provincia,11,1670,12619
2025-11-22,Nocturna,Provincia,12,2964,12619
2025-11-22,Nocturna,Provincia,13,4191,12619
2025-11-22,Nocturna,Provincia,14,1902,12619
2025-11-22,Nocturna,Provincia,15,3312,12619
2025-11-22,Nocturna,Provincia,16,6018,12619
2025-11-22,Nocturna,Provincia,17,4809,12619
2025-11-22,Nocturna,Provincia,18,2059,12619
2025-11-22,Nocturna,Provincia,19,3305,12619
2025-11-22,Nocturna,Provincia,20,2250,12619
2025-11-24,Nocturna,Provincia,1,9168,12620
2025-11-24,Nocturna,Provincia,2,5645,12620
2025-11-24,Nocturna,Provincia,3,3010,12620
2025-11-24,Nocturna,Provincia,4,0557,12620
2025-11-24,Nocturna,Provincia,5,1161,12620
2025-11-24,Nocturna,Provincia,6,5542,12620
2025-11-24,Nocturna,Provincia,7,0434,12620
2025-11-24,Nocturna,Provincia,8,7205,12620
2025-11-24,Nocturna,Provincia,9,8937,12620
2025-11-24,Nocturna,Provincia,10,6698,12620
2025-11-24,Nocturna,Provincia,11,0182,12620
2025-11-24,Nocturna,Provincia,12,8233,12620
2025-11-24,Nocturna,Provincia,13,4011,12620
2025-11-24,Nocturna,Provincia,14,8361,12620
2025-11-24,Nocturna,Provincia,15,2340,12620
2025-11-24,Nocturna,Provincia,16,3193,12620
2025-11-24,Nocturna,Provincia,17,6152,12620
2025-11-24,Nocturna,Provincia,18,8074,12620
2025-11-24,Nocturna,Provincia,19,8221,12620
2025-11-24,Nocturna,Provincia,20,4488,12620
2025-11-25,Nocturna,Provincia,1,4207,12621
2025-11-25,Nocturna,Provincia,2,6394,12621
2025-11-25,Nocturna,Provincia,3,7535,12621
2025-11-25,Nocturna,Provincia,4,6186,12621
2025-11-25,Nocturna,Provincia,5,3419,12621
2025-11-25,Nocturna,Provincia,6,1031,12621
2025-11-25,Nocturna,Provincia,7,0803,12621
2025-11-25,Nocturna,Provincia,8,5461,12621
2025-11-25,Nocturna,Provincia,9,7787,12621
2025-11-25,Nocturna,Provincia,10,5843,12621
2025-11-25,Nocturna,Provincia,11,6734,12621
2025-11-25,Nocturna,Provincia,12,5352,12621
2025-11-25,Nocturna,Provincia,13,3825,12621
2025-11-25,Nocturna,Provincia,14,5969,12621
2025-11-25,Nocturna,Provincia,15,2965,12621
2025-11-25,Nocturna,Provincia,16,6193,12621
2025-11-25,Nocturna,Provincia,17,5681,12621
2025-11-25,Nocturna,Provincia,18,2191,12621
2025-11-25,Nocturna,Provincia,19,8782,12621
2025-11-25,Nocturna,Provincia,20,9755,12621
2025-11-26,Nocturna,Provincia,1,3120,12622
2025-11-26,Nocturna,Provincia,2,8276,12622
2025-11-26,Nocturna,Provincia,3,1504,12622
2025-11-26,Nocturna,Provincia,4,7079,12622
2025-11-26,Nocturna,Provincia,5,9959,12622
2025-11-26,Nocturna,Provincia,6,3259,12622
2025-11-26,Nocturna,Provincia,7,0316,12622
2025-11-26,Nocturna,Provincia,8,7295,12622
2025-11-26,Nocturna,Provincia,9,2120,12622
2025-11-26,Nocturna,Provincia,10,9192,12622
2025-11-26,Nocturna,Provincia,11,5167,12622
2025-11-26,Nocturna,Provincia,12,0731,12622
2025-11-26,Nocturna,Provincia,13,7956,12622
2025-11-26,Nocturna,Provincia,14,3717,12622
2025-11-26,Nocturna,Provincia,15,0169,12622
2025-11-26,Nocturna,Provincia,16,7792,12622
2025-11-26,Nocturna,Provincia,17,4597,12622
2025-11-26,Nocturna,Provincia,18,1628,12622
2025-11-26,Nocturna,Provincia,19,5980,12622
2025-11-26,Nocturna,Provincia,20,6072,12622
2025-11-27,Nocturna,Provincia,1,3003,12623
2025-11-27,Nocturna,Provincia,2,4358,12623
2025-11-27,Nocturna,Provincia,3,0181,12623
2025-11-27,Nocturna,Provincia,4,3806,12623
2025-11-27,Nocturna,Provincia,5,7371,12623
2025-11-27,Nocturna,Provincia,6,9889,12623
2025-11-27,Nocturna,Provincia,7,9180,12623
2025-11-27,Nocturna,Provincia,8,1898,12623
2025-11-27,Nocturna,Provincia,9,5648,12623
2025-11-27,Nocturna,Provincia,10,3902,12623
2025-11-27,Nocturna,Provincia,11,9637,12623
2025-11-27,Nocturna,Provincia,12,3509,12623
2025-11-27,Nocturna,Provincia,13,7944,12623
2025-11-27,Nocturna,Provincia,14,8021,12623
2025-11-27,Nocturna,Provincia,15,1308,12623
2025-11-27,Nocturna,Provincia,16,6224,12623
2025-11-27,Nocturna,Provincia,17,9646,12623
2025-11-27,Nocturna,Provincia,18,2325,12623
2025-11-27,Nocturna,Provincia,19,9461,12623
2025-11-27,Nocturna,Provincia,20,7844,12623
2025-11-28,Nocturna,Provincia,1,0183,12624
2025-11-28,Nocturna,Provincia,2,1764,12624
2025-11-28,Nocturna,Provincia,3,2745,12624
2025-11-28,Nocturna,Provincia,4,2306,12624
2025-11-28,Nocturna,Provincia,5,4257,12624
2025-11-28,Nocturna,Provincia,6,5673,12624
2025-11-28,Nocturna,Provincia,7,7783,12624
2025-11-28,Nocturna,Provincia,8,0675,12624
2025-11-28,Nocturna,Provincia,9,3120,12624
2025-11-28,Nocturna,Provincia,10,0714,12624
2025-11-28,Nocturna,Provincia,11,9139,12624
2025-11-28,Nocturna,Provincia,12,0002,12624
2025-11-28,Nocturna,Provincia,13,7035,12624
2025-11-28,Nocturna,Provincia,14,5182,12624
2025-11-28,Nocturna,Provincia,15,1951,12624
2025-11-28,Nocturna,Provincia,16,2677,12624
2025-11-28,Nocturna,Provincia,17,7036,12624
2025-11-28,Nocturna,Provincia,18,6436,12624
2025-11-28,Nocturna,Provincia,19,0362,12624
2025-11-28,Nocturna,Provincia,20,1122,12624
2025-11-29,Nocturna,Provincia,1,5277,12625
2025-11-29,Nocturna,Provincia,2,4997,12625
2025-11-29,Nocturna,Provincia,3,0057,12625
2025-11-29,Nocturna,Provincia,4,5684,12625
2025-11-29,Nocturna,Provincia,5,4335,12625
2025-11-29,Nocturna,Provincia,6,1758,12625
2025-11-29,Nocturna,Provincia,7,6663,12625
2025-11-29,Nocturna,Provincia,8,3133,12625
2025-11-29,Nocturna,Provincia,9,0027,12625
2025-11-29,Nocturna,Provincia,10,1890,12625
2025-11-29,Nocturna,Provincia,11,5825,12625
2025-11-29,Nocturna,Provincia,12,8154,12625
2025-11-29,Nocturna,Provincia,13,2618,12625
2025-11-29,Nocturna,Provincia,14,7968,12625
2025-11-29,Nocturna,Provincia,15,3423,12625
2025-11-29,Nocturna,Provincia,16,6002,12625
2025-11-29,Nocturna,Provincia,17,6728,12625
2025-11-29,Nocturna,Provincia,18,1026,12625
2025-11-29,Nocturna,Provincia,19,4481,12625
2025-11-29,Nocturna,Provincia,20,7639,12625
2025-12-01,Nocturna,Provincia,1,6220,12626
2025-12-01,Nocturna,Provincia,2,3778,12626
2025-12-01,Nocturna,Provincia,3,1349,12626
2025-12-01,Nocturna,Provincia,4,2302,12626
2025-12-01,Nocturna,Provincia,5,5006,12626
2025-12-01,Nocturna,Provincia,6,2014,12626
2025-12-01,Nocturna,Provincia,7,1098,12626
2025-12-01,Nocturna,Provincia,8,1437,12626
2025-12-01,Nocturna,Provincia,9,4743,12626
2025-12-01,Nocturna,Provincia,10,2422,12626
2025-12-01,Nocturna,Provincia,11,6837,12626
2025-12-01,Nocturna,Provincia,12,7883,12626
2025-12-01,Nocturna,Provincia,13,8870,12626
2025-12-01,Nocturna,Provincia,14,3854,12626
2025-12-01,Nocturna,Provincia,15,5827,12626
2025-12-01,Nocturna,Provincia,16,4397,12626
2025-12-01,Nocturna,Provincia,17,9276,12626
2025-12-01,Nocturna,Provincia,18,2922,12626
2025-12-01,Nocturna,Provincia,19,7029,12626
2025-12-01,Nocturna,Provincia,20,1717,12626
2025-12-02,Nocturna,Provincia,1,3429,12627
2025-12-02,Nocturna,Provincia,2,4025,12627
2025-12-02,Nocturna,Provincia,3,4521,12627
2025-12-02,Nocturna,Provincia,4,3596,12627
2025-12-02,Nocturna,Provincia,5,7420,12627
2025-12-02,Nocturna,Provincia,6,4267,12627
2025-12-02,Nocturna,Provincia,7,9622,12627
2025-12-02,Nocturna,Provincia,8,7313,12627
2025-12-02,Nocturna,Provincia,9,8186,12627
2025-12-02,Nocturna,Provincia,10,0544,12627
2025-12-02,Nocturna,Provincia,11,4197,12627
2025-12-02,Nocturna,Provincia,12,7431,12627
2025-12-02,Nocturna,Provincia,13,9567,12627
2025-12-02,Nocturna,Provincia,14,1876,12627
2025-12-02,Nocturna,Provincia,15,1138,12627
2025-12-02,Nocturna,Provincia,16,3482,12627
2025-12-02,Nocturna,Provincia,17,3148,12627
2025-12-02,Nocturna,Provincia,18,2958,12627
2025-12-02,Nocturna,Provincia,19,3412,12627
2025-12-02,Nocturna,Provincia,20,2956,12627
2025-12-03,Nocturna,Provincia,1,1474,12628
2025-12-03,Nocturna,Provincia,2,1581,12628
2025-12-03,Nocturna,Provincia,3,7834,12628
2025-12-03,Nocturna,Provincia,4,2523,12628
2025-12-03,Nocturna,Provincia,5,3928,12628
2025-12-03,Nocturna,Provincia,6,4738,12628
2025-12-03,Nocturna,Provincia,7,4642,12628
2025-12-03,Nocturna,Provincia,8,8356,12628
2025-12-03,Nocturna,Provincia,9,3897,12628
2025-12-03,Nocturna,Provincia,10,0684,12628
2025-12-03,Nocturna,Provincia,11,7617,12628
2025-12-03,Nocturna,Provincia,12,2731,12628
2025-12-03,Nocturna,Provincia,13,3270,12628
2025-12-03,Nocturna,Provincia,14,9496,12628
2025-12-03,Nocturna,Provincia,15,9620,12628
2025-12-03,Nocturna,Provincia,16,6350,12628
2025-12-03,Nocturna,Provincia,17,1944,12628
2025-12-03,Nocturna,Provincia,18,2994,12628
2025-12-03,Nocturna,Provincia,19,5976,12628
2025-12-03,Nocturna,Provincia,20,2465,12628
2025-12-04,Nocturna,Provincia,1,8459,12629
2025-12-04,Nocturna,Provincia,2,5481,12629
2025-12-04,Nocturna,Provincia,3,8466,12629
2025-12-04,Nocturna,Provincia,4,6744,12629
2025-12-04,Nocturna,Provincia,5,5677,12629
2025-12-04,Nocturna,Provincia,6,0638,12629
2025-12-04,Nocturna,Provincia,7,2504,12629
2025-12-04,Nocturna,Provincia,8,9205,12629
2025-12-04,Nocturna,Provincia,9,9513,12629
2025-12-04,Nocturna,Provincia,10,8239,12629
2025-12-04,Nocturna,Provincia,11,7934,12629
2025-12-04,Nocturna,Provincia,12,9488,12629
2025-12-04,Nocturna,Provincia,13,4080,12629
2025-12-04,Nocturna,Provincia,14,7867,12629
2025-12-04,Nocturna,Provincia,15,8256,12629
2025-12-04,Nocturna,Provincia,16,9345,12629
2025-12-04,Nocturna,Provincia,17,8665,12629
2025-12-04,Nocturna,Provincia,18,8525,12629
2025-12-04,Nocturna,Provincia,19,5940,12629
2025-12-04,Nocturna,Provincia,20,1560,12629
2025-12-05,Nocturna,Provincia,1,7069,12630
2025-12-05,Nocturna,Provincia,2,4101,12630
2025-12-05,Nocturna,Provincia,3,0914,12630
2025-12-05,Nocturna,Provincia,4,1570,12630
2025-12-05,Nocturna,Provincia,5,3148,12630
2025-12-05,Nocturna,Provincia,6,1850,12630
2025-12-05,Nocturna,Provincia,7,2798,12630
2025-12-05,Nocturna,Provincia,8,2292,12630
2025-12-05,Nocturna,Provincia,9,1864,12630
2025-12-05,Nocturna,Provincia,10,0293,12630
2025-12-05,Nocturna,Provincia,11,0616,12630
2025-12-05,Nocturna,Provincia,12,9444,12630
2025-12-05,Nocturna,Provincia,13,8630,12630
2025-12-05,Nocturna,Provincia,14,5846,12630
2025-12-05,Nocturna,Provincia,15,6425,12630
2025-12-05,Nocturna,Provincia,16,1372,12630
2025-12-05,Nocturna,Provincia,17,0241,12630
2025-12-05,Nocturna,Provincia,18,7912,12630
2025-12-05,Nocturna,Provincia,19,0496,12630
2025-12-05,Nocturna,Provincia,20,1087,12630
2025-12-06,Nocturna,Provincia,1,1537,12631
2025-12-06,Nocturna,Provincia,2,1089,12631
2025-12-06,Nocturna,Provincia,3,5846,12631
2025-12-06,Nocturna,Provincia,4,7440,12631
2025-12-06,Nocturna,Provincia,5,4887,12631
2025-12-06,Nocturna,Provincia,6,2580,12631
2025-12-06,Nocturna,Provincia,7,2401,12631
2025-12-06,Nocturna,Provincia,8,6073,12631
2025-12-06,Nocturna,Provincia,9,4167,12631
2025-12-06,Nocturna,Provincia,10,2208,12631
2025-12-06,Nocturna,Provincia,11,2547,12631
2025-12-06,Nocturna,Provincia,12,1650,12631
2025-12-06,Nocturna,Provincia,13,3373,12631
2025-12-06,Nocturna,Provincia,14,2358,12631
2025-12-06,Nocturna,Provincia,15,5141,12631
2025-12-06,Nocturna,Provincia,16,7694,12631
2025-12-06,Nocturna,Provincia,17,7607,12631
2025-12-06,Nocturna,Provincia,18,2251,12631
2025-12-06,Nocturna,Provincia,19,8426,12631
2025-12-06,Nocturna,Provincia,20,9962,12631
2025-12-09,Nocturna,Provincia,1,3643,12632
2025-12-09,Nocturna,Provincia,2,5225,12632
2025-12-09,Nocturna,Provincia,3,4816,12632
2025-12-09,Nocturna,Provincia,4,4662,12632
2025-12-09,Nocturna,Provincia,5,3947,12632
2025-12-09,Nocturna,Provincia,6,1593,12632
2025-12-09,Nocturna,Provincia,7,5597,12632
2025-12-09,Nocturna,Provincia,8,4231,12632
2025-12-09,Nocturna,Provincia,9,7311,12632
2025-12-09,Nocturna,Provincia,10,8428,12632
2025-12-09,Nocturna,Provincia,11,4422,12632
2025-12-09,Nocturna,Provincia,12,6726,12632
2025-12-09,Nocturna,Provincia,13,8844,12632
2025-12-09,Nocturna,Provincia,14,2213,12632
2025-12-09,Nocturna,Provincia,15,5027,12632
2025-12-09,Nocturna,Provincia,16,0440,12632
2025-12-09,Nocturna,Provincia,17,8670,12632
2025-12-09,Nocturna,Provincia,18,6254,12632
2025-12-09,Nocturna,Provincia,19,0230,12632
2025-12-09,Nocturna,Provincia,20,5312,12632
2025-12-10,Nocturna,Provincia,1,3573,12633
2025-12-10,Nocturna,Provincia,2,4817,12633
2025-12-10,Nocturna,Provincia,3,4897,12633
2025-12-10,Nocturna,Provincia,4,3941,12633
2025-12-10,Nocturna,Provincia,5,3930,12633
2025-12-10,Nocturna,Provincia,6,4061,12633
2025-12-10,Nocturna,Provincia,7,4091,12633
2025-12-10,Nocturna,Provincia,8,0873,12633
2025-12-10,Nocturna,Provincia,9,9651,12633
2025-12-10,Nocturna,Provincia,10,4724,12633
2025-12-10,Nocturna,Provincia,11,6510,12633
2025-12-10,Nocturna,Provincia,12,1480,12633
2025-12-10,Nocturna,Provincia,13,7218,12633
2025-12-10,Nocturna,Provincia,14,2890,12633
2025-12-10,Nocturna,Provincia,15,7994,12633
2025-12-10,Nocturna,Provincia,16,9624,12633
2025-12-10,Nocturna,Provincia,17,5437,12633
2025-12-10,Nocturna,Provincia,18,4469,12633
2025-12-10,Nocturna,Provincia,19,3812,12633
2025-12-10,Nocturna,Provincia,20,6612,12633
2025-12-11,Nocturna,Provincia,1,5093,12634
2025-12-11,Nocturna,Provincia,2,0203,12634
2025-12-11,Nocturna,Provincia,3,3613,12634
2025-12-11,Nocturna,Provincia,4,5037,12634
2025-12-11,Nocturna,Provincia,5,9891,12634
2025-12-11,Nocturna,Provincia,6,9280,12634
2025-12-11,Nocturna,Provincia,7,3525,12634
2025-12-11,Nocturna,Provincia,8,8995,12634
2025-12-11,Nocturna,Provincia,9,8539,12634
2025-12-11,Nocturna,Provincia,10,7520,12634
2025-12-11,Nocturna,Provincia,11,2727,12634
2025-12-11,Nocturna,Provincia,12,3746,12634
2025-12-11,Nocturna,Provincia,13,9705,12634
2025-12-11,Nocturna,Provincia,14,3011,12634
2025-12-11,Nocturna,Provincia,15,7620,12634
2025-12-11,Nocturna,Provincia,16,3442,12634
2025-12-11,Nocturna,Provincia,17,2882,12634
2025-12-11,Nocturna,Provincia,18,3475,12634
2025-12-11,Nocturna,Provincia,19,0213,12634
2025-12-11,Nocturna,Provincia,20,8848,12634
2025-12-12,Nocturna,Provincia,1,7928,12635
2025-12-12,Nocturna,Provincia,2,0863,12635
2025-12-12,Nocturna,Provincia,3,6614,12635
2025-12-12,Nocturna,Provincia,4,9420,12635
2025-12-12,Nocturna,Provincia,5,4364,12635
2025-12-12,Nocturna,Provincia,6,6176,12635
2025-12-12,Nocturna,Provincia,7,4607,12635
2025-12-12,Nocturna,Provincia,8,9039,12635
2025-12-12,Nocturna,Provincia,9,4074,12635
2025-12-12,Nocturna,Provincia,10,2457,12635
2025-12-12,Nocturna,Provincia,11,1806,12635
2025-12-12,Nocturna,Provincia,12,1949,12635
2025-12-12,Nocturna,Provincia,13,2327,12635
2025-12-12,Nocturna,Provincia,14,3787,12635
2025-12-12,Nocturna,Provincia,15,1743,12635
2025-12-12,Nocturna,Provincia,16,2217,12635
2025-12-12,Nocturna,Provincia,17,3019,12635
2025-12-12,Nocturna,Provincia,18,7699,12635
2025-12-12,Nocturna,Provincia,19,9874,12635
2025-12-12,Nocturna,Provincia,20,9200,12635
2025-12-13,Nocturna,Provincia,1,1177,12636
2025-12-13,Nocturna,Provincia,2,1166,12636
2025-12-13,Nocturna,Provincia,3,2783,12636
2025-12-13,Nocturna,Provincia,4,5752,12636
2025-12-13,Nocturna,Provincia,5,5420,12636
2025-12-13,Nocturna,Provincia,6,7967,12636
2025-12-13,Nocturna,Provincia,7,9567,12636
2025-12-13,Nocturna,Provincia,8,4878,12636
2025-12-13,Nocturna,Provincia,9,0299,12636
2025-12-13,Nocturna,Provincia,10,7894,12636
2025-12-13,Nocturna,Provincia,11,5475,12636
2025-12-13,Nocturna,Provincia,12,3737,12636
2025-12-13,Nocturna,Provincia,13,5517,12636
2025-12-13,Nocturna,Provincia,14,0767,12636
2025-12-13,Nocturna,Provincia,15,1443,12636
2025-12-13,Nocturna,Provincia,16,9223,12636
2025-12-13,Nocturna,Provincia,17,3733,12636
2025-12-13,Nocturna,Provincia,18,1923,12636
2025-12-13,Nocturna,Provincia,19,7357,12636
2025-12-13,Nocturna,Provincia,20,7781,12636
2025-12-15,Nocturna,Provincia,1,9454,12637
2025-12-15,Nocturna,Provincia,2,1269,12637
2025-12-15,Nocturna,Provincia,3,9158,12637
2025-12-15,Nocturna,Provincia,4,5234,12637
2025-12-15,Nocturna,Provincia,5,1324,12637
2025-12-15,Nocturna,Provincia,6,7591,12637
2025-12-15,Nocturna,Provincia,7,7556,12637
2025-12-15,Nocturna,Provincia,8,0175,12637
2025-12-15,Nocturna,Provincia,9,8253,12637
2025-12-15,Nocturna,Provincia,10,8715,12637
2025-12-15,Nocturna,Provincia,11,8683,12637
2025-12-15,Nocturna,Provincia,12,1777,12637
2025-12-15,Nocturna,Provincia,13,3021,12637
2025-12-15,Nocturna,Provincia,14,6618,12637
2025-12-15,Nocturna,Provincia,15,5857,12637
2025-12-15,Nocturna,Provincia,16,2840,12637
2025-12-15,Nocturna,Provincia,17,2207,12637
2025-12-15,Nocturna,Provincia,18,7414,12637
2025-12-15,Nocturna,Provincia,19,5333,12637
2025-12-15,Nocturna,Provincia,20,3053,12637
2025-12-16,Nocturna,Provincia,1,5283,12638
2025-12-16,Nocturna,Provincia,2,7773,12638
2025-12-16,Nocturna,Provincia,3,7123,12638
2025-12-16,Nocturna,Provincia,4,6527,12638
2025-12-16,Nocturna,Provincia,5,5995,12638
2025-12-16,Nocturna,Provincia,6,4892,12638
2025-12-16,Nocturna,Provincia,7,6972,12638
2025-12-16,Nocturna,Provincia,8,6007,12638
2025-12-16,Nocturna,Provincia,9,7214,12638
2025-12-16,Nocturna,Provincia,10,4899,12638
2025-12-16,Nocturna,Provincia,11,7121,12638
2025-12-16,Nocturna,Provincia,12,9356,12638
2025-12-16,Nocturna,Provincia,13,7917,12638
2025-12-16,Nocturna,Provincia,14,8696,12638
2025-12-16,Nocturna,Provincia,15,4163,12638
2025-12-16,Nocturna,Provincia,16,8232,12638
2025-12-16,Nocturna,Provincia,17,9673,12638
2025-12-16,Nocturna,Provincia,18,7770,12638
2025-12-16,Nocturna,Provincia,19,9164,12638
2025-12-16,Nocturna,Provincia,20,9208,12638
2025-12-17,Nocturna,Provincia,1,2859,12639
2025-12-17,Nocturna,Provincia,2,7259,12639
2025-12-17,Nocturna,Provincia,3,0708,12639
2025-12-17,Nocturna,Provincia,4,6850,12639
2025-12-17,Nocturna,Provincia,5,3806,12639
2025-12-17,Nocturna,Provincia,6,0247,12639
2025-12-17,Nocturna,Provincia,7,3182,12639
2025-12-17,Nocturna,Provincia,8,6267,12639
2025-12-17,Nocturna,Provincia,9,1459,12639
2025-12-17,Nocturna,Provincia,10,8380,12639
2025-12-17,Nocturna,Provincia,11,1016,12639
2025-12-17,Nocturna,Provincia,12,6589,12639
2025-12-17,Nocturna,Provincia,13,4489,12639
2025-12-17,Nocturna,Provincia,14,2557,12639
2025-12-17,Nocturna,Provincia,15,1505,12639
2025-12-17,Nocturna,Provincia,16,7243,12639
2025-12-17,Nocturna,Provincia,17,6186,12639
2025-12-17,Nocturna,Provincia,18,1028,12639
2025-12-17,Nocturna,Provincia,19,1030,12639
2025-12-17,Nocturna,Provincia,20,3096,12639
2025-12-18,Nocturna,Provincia,1,3732,12640
2025-12-18,Nocturna,Provincia,2,8806,12640
2025-12-18,Nocturna,Provincia,3,4232,12640
2025-12-18,Nocturna,Provincia,4,7125,12640
2025-12-18,Nocturna,Provincia,5,5427,12640
2025-12-18,Nocturna,Provincia,6,0715,12640
2025-12-18,Nocturna,Provincia,7,6039,12640
2025-12-18,Nocturna,Provincia,8,7623,12640
2025-12-18,Nocturna,Provincia,9,2724,12640
2025-12-18,Nocturna,Provincia,10,8589,12640
2025-12-18,Nocturna,Provincia,11,2151,12640
2025-12-18,Nocturna,Provincia,12,4588,12640
2025-12-18,Nocturna,Provincia,13,3333,12640
2025-12-18,Nocturna,Provincia,14,5703,12640
2025-12-18,Nocturna,Provincia,15,5025,12640
2025-12-18,Nocturna,Provincia,16,2594,12640
2025-12-18,Nocturna,Provincia,17,2332,12640
2025-12-18,Nocturna,Provincia,18,3352,12640
2025-12-18,Nocturna,Provincia,19,2009,12640
2025-12-18,Nocturna,Provincia,20,4849,12640
2025-12-19,Nocturna,Provincia,1,5224,12641
2025-12-19,Nocturna,Provincia,2,4396,12641
2025-12-19,Nocturna,Provincia,3,1742,12641
2025-12-19,Nocturna,Provincia,4,1438,12641
2025-12-19,Nocturna,Provincia,5,1581,12641
2025-12-19,Nocturna,Provincia,6,5787,12641
2025-12-19,Nocturna,Provincia,7,8058,12641
2025-12-19,Nocturna,Provincia,8,6658,12641
2025-12-19,Nocturna,Provincia,9,7172,12641
2025-12-19,Nocturna,Provincia,10,6746,12641
2025-12-19,Nocturna,Provincia,11,7887,12641
2025-12-19,Nocturna,Provincia,12,3385,12641
2025-12-19,Nocturna,Provincia,13,4146,12641
2025-12-19,Nocturna,Provincia,14,3346,12641
2025-12-19,Nocturna,Provincia,15,3284,12641
2025-12-19,Nocturna,Provincia,16,3919,12641
2025-12-19,Nocturna,Provincia,17,5323,12641
2025-12-19,Nocturna,Provincia,18,2998,12641
2025-12-19,Nocturna,Provincia,19,3317,12641
2025-12-19,Nocturna,Provincia,20,5356,12641
2025-12-20,Nocturna,Provincia,1,6700,12642
2025-12-20,Nocturna,Provincia,2,5478,12642
2025-12-20,Nocturna,Provincia,3,2379,12642
2025-12-20,Nocturna,Provincia,4,1543,12642
2025-12-20,Nocturna,Provincia,5,2321,12642
2025-12-20,Nocturna,Provincia,6,2889,12642
2025-12-20,Nocturna,Provincia,7,4937,12642
2025-12-20,Nocturna,Provincia,8,1799,12642
2025-12-20,Nocturna,Provincia,9,1680,12642
2025-12-20,Nocturna,Provincia,10,4404,12642
2025-12-20,Nocturna,Provincia,11,6123,12642
2025-12-20,Nocturna,Provincia,12,9242,12642
2025-12-20,Nocturna,Provincia,13,6933,12642
2025-12-20,Nocturna,Provincia,14,6632,12642
2025-12-20,Nocturna,Provincia,15,8673,12642
2025-12-20,Nocturna,Provincia,16,5872,12642
2025-12-20,Nocturna,Provincia,17,4642,12642
2025-12-20,Nocturna,Provincia,18,5629,12642
2025-12-20,Nocturna,Provincia,19,7240,12642
2025-12-20,Nocturna,Provincia,20,7124,12642
2025-12-22,Nocturna,Provincia,1,3145,12643
2025-12-22,Nocturna,Provincia,2,6363,12643
2025-12-22,Nocturna,Provincia,3,5450,12643
2025-12-22,Nocturna,Provincia,4,4714,12643
2025-12-22,Nocturna,Provincia,5,0358,12643
2025-12-22,Nocturna,Provincia,6,3007,12643
2025-12-22,Nocturna,Provincia,7,9242,12643
2025-12-22,Nocturna,Provincia,8,7647,12643
2025-12-22,Nocturna,Provincia,9,7507,12643
2025-12-22,Nocturna,Provincia,10,8694,12643
2025-12-22,Nocturna,Provincia,11,5070,12643
2025-12-22,Nocturna,Provincia,12,9740,12643
2025-12-22,Nocturna,Provincia,13,4080,12643
2025-12-22,Nocturna,Provincia,14,0598,12643
2025-12-22,Nocturna,Provincia,15,6860,12643
2025-12-22,Nocturna,Provincia,16,7522,12643
2025-12-22,Nocturna,Provincia,17,3498,12643
2025-12-22,Nocturna,Provincia,18,2390,12643
2025-12-22,Nocturna,Provincia,19,6009,12643
2025-12-22,Nocturna,Provincia,20,3081,12643
2025-12-23,Nocturna,Provincia,1,4366,12644
2025-12-23,Nocturna,Provincia,2,4550,12644
2025-12-23,Nocturna,Provincia,3,6889,12644
2025-12-23,Nocturna,Provincia,4,5950,12644
2025-12-23,Nocturna,Provincia,5,4181,12644
2025-12-23,Nocturna,Provincia,6,7582,12644
2025-12-23,Nocturna,Provincia,7,9286,12644
2025-12-23,Nocturna,Provincia,8,7058,12644
2025-12-23,Nocturna,Provincia,9,1481,12644
2025-12-23,Nocturna,Provincia,10,5024,12644
2025-12-23,Nocturna,Provincia,11,9787,12644
2025-12-23,Nocturna,Provincia,12,9646,12644
2025-12-23,Nocturna,Provincia,13,2139,12644
2025-12-23,Nocturna,Provincia,14,3774,12644
2025-12-23,Nocturna,Provincia,15,3411,12644
2025-12-23,Nocturna,Provincia,16,4377,12644
2025-12-23,Nocturna,Provincia,17,1776,12644
2025-12-23,Nocturna,Provincia,18,5874,12644
2025-12-23,Nocturna,Provincia,19,5354,12644
2025-12-23,Nocturna,Provincia,20,4388,12644
2025-12-26,Nocturna,Provincia,1,7222,12646
2025-12-26,Nocturna,Provincia,2,2542,12646
2025-12-26,Nocturna,Provincia,3,7156,12646
2025-12-26,Nocturna,Provincia,4,6155,12646
2025-12-26,Nocturna,Provincia,5,6396,12646
2025-12-26,Nocturna,Provincia,6,0432,12646
2025-12-26,Nocturna,Provincia,7,5442,12646
2025-12-26,Nocturna,Provincia,8,7117,12646
2025-12-26,Nocturna,Provincia,9,7570,12646
2025-12-26,Nocturna,Provincia,10,2350,12646
2025-12-26,Nocturna,Provincia,11,6490,12646
2025-12-26,Nocturna,Provincia,12,9928,12646
2025-12-26,Nocturna,Provincia,13,4468,12646
2025-12-26,Nocturna,Provincia,14,2570,12646
2025-12-26,Nocturna,Provincia,15,3096,12646
2025-12-26,Nocturna,Provincia,16,7282,12646
2025-12-26,Nocturna,Provincia,17,6939,12646
2025-12-26,Nocturna,Provincia,18,5061,12646
2025-12-26,Nocturna,Provincia,19,0692,12646
2025-12-26,Nocturna,Provincia,20,3348,12646
2025-12-27,Nocturna,Provincia,1,0011,12647
2025-12-27,Nocturna,Provincia,2,4129,12647
2025-12-27,Nocturna,Provincia,3,7777,12647
2025-12-27,Nocturna,Provincia,4,8327,12647
2025-12-27,Nocturna,Provincia,5,5573,12647
2025-12-27,Nocturna,Provincia,6,3197,12647
2025-12-27,Nocturna,Provincia,7,8402,12647
2025-12-27,Nocturna,Provincia,8,7769,12647
2025-12-27,Nocturna,Provincia,9,9006,12647
2025-12-27,Nocturna,Provincia,10,2455,12647
2025-12-27,Nocturna,Provincia,11,0493,12647
2025-12-27,Nocturna,Provincia,12,8857,12647
2025-12-27,Nocturna,Provincia,13,0980,12647
2025-12-27,Nocturna,Provincia,14,5966,12647
2025-12-27,Nocturna,Provincia,15,1151,12647
2025-12-27,Nocturna,Provincia,16,4192,12647
2025-12-27,Nocturna,Provincia,17,9601,12647
2025-12-27,Nocturna,Provincia,18,8801,12647
2025-12-27,Nocturna,Provincia,19,0907,12647
2025-12-27,Nocturna,Provincia,20,1548,12647
2025-12-29,Nocturna,Provincia,1,9561,12648
2025-12-29,Nocturna,Provincia,2,7870,12648
2025-12-29,Nocturna,Provincia,3,7294,12648
2025-12-29,Nocturna,Provincia,4,9568,12648
2025-12-29,Nocturna,Provincia,5,4814,12648
2025-12-29,Nocturna,Provincia,6,2718,12648
2025-12-29,Nocturna,Provincia,7,1408,12648
2025-12-29,Nocturna,Provincia,8,0010,12648
2025-12-29,Nocturna,Provincia,9,5381,12648
2025-12-29,Nocturna,Provincia,10,9346,12648
2025-12-29,Nocturna,Provincia,11,4800,12648
2025-12-29,Nocturna,Provincia,12,0436,12648
2025-12-29,Nocturna,Provincia,13,8109,12648
2025-12-29,Nocturna,Provincia,14,6977,12648
2025-12-29,Nocturna,Provincia,15,8415,12648
2025-12-29,Nocturna,Provincia,16,3856,12648
2025-12-29,Nocturna,Provincia,17,2318,12648
2025-12-29,Nocturna,Provincia,18,3798,12648
2025-12-29,Nocturna,Provincia,19,8187,12648
2025-12-29,Nocturna,Provincia,20,8205,12648
2025-12-30,Nocturna,Provincia,1,3276,12649
2025-12-30,Nocturna,Provincia,2,7439,12649
2025-12-30,Nocturna,Provincia,3,3265,12649
2025-12-30,Nocturna,Provincia,4,4213,12649
2025-12-30,Nocturna,Provincia,5,2488,12649
2025-12-30,Nocturna,Provincia,6,2314,12649
2025-12-30,Nocturna,Provincia,7,6582,12649
2025-12-30,Nocturna,Provincia,8,0485,12649
2025-12-30,Nocturna,Provincia,9,0544,12649
2025-12-30,Nocturna,Provincia,10,8253,12649
2025-12-30,Nocturna,Provincia,11,6731,12649
2025-12-30,Nocturna,Provincia,12,8665,12649
2025-12-30,Nocturna,Provincia,13,4510,12649
2025-12-30,Nocturna,Provincia,14,0948,12649
2025-12-30,Nocturna,Provincia,15,8615,12649
2025-12-30,Nocturna,Provincia,16,5602,12649
2025-12-30,Nocturna,Provincia,17,1198,12649
2025-12-30,Nocturna,Provincia,18,2031,12649
2025-12-30,Nocturna,Provincia,19,8458,12649
2025-12-30,Nocturna,Provincia,20,9449,12649
2026-01-02,Nocturna,Provincia,1,6321,12651
2026-01-02,Nocturna,Provincia,2,5857,12651
2026-01-02,Nocturna,Provincia,3,4445,12651
2026-01-02,Nocturna,Provincia,4,1545,12651
2026-01-02,Nocturna,Provincia,5,4270,12651
2026-01-02,Nocturna,Provincia,6,6466,12651
2026-01-02,Nocturna,Provincia,7,7266,12651
2026-01-02,Nocturna,Provincia,8,1927,12651
2026-01-02,Nocturna,Provincia,9,1509,12651
2026-01-02,Nocturna,Provincia,10,7250,12651
2026-01-02,Nocturna,Provincia,11,4475,12651
2026-01-02,Nocturna,Provincia,12,4011,12651
2026-01-02,Nocturna,Provincia,13,7566,12651
2026-01-02,Nocturna,Provincia,14,0419,12651
2026-01-02,Nocturna,Provincia,15,1232,12651
2026-01-02,Nocturna,Provincia,16,5749,12651
2026-01-02,Nocturna,Provincia,17,0609,12651
2026-01-02,Nocturna,Provincia,18,0933,12651
2026-01-02,Nocturna,Provincia,19,1556,12651
2026-01-02,Nocturna,Provincia,20,5100,12651
2026-01-03,Nocturna,Provincia,1,0505,12652
2026-01-03,Nocturna,Provincia,2,0315,12652
2026-01-03,Nocturna,Provincia,3,7060,12652
2026-01-03,Nocturna,Provincia,4,5456,12652
2026-01-03,Nocturna,Provincia,5,9726,12652
2026-01-03,Nocturna,Provincia,6,6970,12652
2026-01-03,Nocturna,Provincia,7,0904,12652
2026-01-03,Nocturna,Provincia,8,5842,12652
2026-01-03,Nocturna,Provincia,9,5536,12652
2026-01-03,Nocturna,Provincia,10,4126,12652
2026-01-03,Nocturna,Provincia,11,4163,12652
2026-01-03,Nocturna,Provincia,12,4333,12652
2026-01-03,Nocturna,Provincia,13,0755,12652
2026-01-03,Nocturna,Provincia,14,4053,12652
2026-01-03,Nocturna,Provincia,15,5208,12652
2026-01-03,Nocturna,Provincia,16,3582,12652
2026-01-03,Nocturna,Provincia,17,4050,12652
2026-01-03,Nocturna,Provincia,18,6996,12652
2026-01-03,Nocturna,Provincia,19,7525,12652
2026-01-03,Nocturna,Provincia,20,5227,12652
2026-01-05,Nocturna,Provincia,1,4417,12653
2026-01-05,Nocturna,Provincia,2,7801,12653
2026-01-05,Nocturna,Provincia,3,2504,12653
2026-01-05,Nocturna,Provincia,4,7308,12653
2026-01-05,Nocturna,Provincia,5,8319,12653
2026-01-05,Nocturna,Provincia,6,5151,12653
2026-01-05,Nocturna,Provincia,7,3520,12653
2026-01-05,Nocturna,Provincia,8,5115,12653
2026-01-05,Nocturna,Provincia,9,2286,12653
2026-01-05,Nocturna,Provincia,10,0373,12653
2026-01-05,Nocturna,Provincia,11,1172,12653
2026-01-05,Nocturna,Provincia,12,0410,12653
2026-01-05,Nocturna,Provincia,13,4909,12653
2026-01-05,Nocturna,Provincia,14,1891,12653
2026-01-05,Nocturna,Provincia,15,6499,12653
2026-01-05,Nocturna,Provincia,16,6458,12653
2026-01-05,Nocturna,Provincia,17,8244,12653
2026-01-05,Nocturna,Provincia,18,5843,12653
2026-01-05,Nocturna,Provincia,19,8744,12653
2026-01-05,Nocturna,Provincia,20,7764,12653
2026-01-06,Nocturna,Provincia,1,9900,12654
2026-01-06,Nocturna,Provincia,2,1291,12654
2026-01-06,Nocturna,Provincia,3,4854,12654
2026-01-06,Nocturna,Provincia,4,7455,12654
2026-01-06,Nocturna,Provincia,5,5996,12654
2026-01-06,Nocturna,Provincia,6,1507,12654
2026-01-06,Nocturna,Provincia,7,6473,12654
2026-01-06,Nocturna,Provincia,8,4291,12654
2026-01-06,Nocturna,Provincia,9,8526,12654
2026-01-06,Nocturna,Provincia,10,1140,12654
2026-01-06,Nocturna,Provincia,11,2014,12654
2026-01-06,Nocturna,Provincia,12,5581,12654
2026-01-06,Nocturna,Provincia,13,6742,12654
2026-01-06,Nocturna,Provincia,14,2243,12654
2026-01-06,Nocturna,Provincia,15,5415,12654
2026-01-06,Nocturna,Provincia,16,8400,12654
2026-01-06,Nocturna,Provincia,17,6758,12654
2026-01-06,Nocturna,Provincia,18,8781,12654
2026-01-06,Nocturna,Provincia,19,3720,12654
2026-01-06,Nocturna,Provincia,20,2704,12654
2026-01-07,Nocturna,Provincia,1,4578,12655
2026-01-07,Nocturna,Provincia,2,5466,12655
2026-01-07,Nocturna,Provincia,3,8947,12655
2026-01-07,Nocturna,Provincia,4,8611,12655
2026-01-07,Nocturna,Provincia,5,1714,12655
2026-01-07,Nocturna,Provincia,6,3868,12655
2026-01-07,Nocturna,Provincia,7,1763,12655
2026-01-07,Nocturna,Provincia,8,2870,12655
2026-01-07,Nocturna,Provincia,9,7650,12655
2026-01-07,Nocturna,Provincia,10,4766,12655
2026-01-07,Nocturna,Provincia,11,4692,12655
2026-01-07,Nocturna,Provincia,12,4575,12655
2026-01-07,Nocturna,Provincia,13,9516,12655
2026-01-07,Nocturna,Provincia,14,4295,12655
2026-01-07,Nocturna,Provincia,15,8513,12655
2026-01-07,Nocturna,Provincia,16,7191,12655
2026-01-07,Nocturna,Provincia,17,4284,12655
2026-01-07,Nocturna,Provincia,18,0888,12655
2026-01-07,Nocturna,Provincia,19,0338,12655
2026-01-07,Nocturna,Provincia,20,7069,12655
2026-01-08,Nocturna,Provincia,1,8694,12656
2026-01-08,Nocturna,Provincia,2,4246,12656
2026-01-08,Nocturna,Provincia,3,1440,12656
2026-01-08,Nocturna,Provincia,4,3551,12656
2026-01-08,Nocturna,Provincia,5,9777,12656
2026-01-08,Nocturna,Provincia,6,0185,12656
2026-01-08,Nocturna,Provincia,7,4041,12656
2026-01-08,Nocturna,Provincia,8,5938,12656
2026-01-08,Nocturna,Provincia,9,2559,12656
2026-01-08,Nocturna,Provincia,10,9762,12656
2026-01-08,Nocturna,Provincia,11,4092,12656
2026-01-08,Nocturna,Provincia,12,3851,12656
2026-01-08,Nocturna,Provincia,13,2325,12656
2026-01-08,Nocturna,Provincia,14,3517,12656
2026-01-08,Nocturna,Provincia,15,5664,12656
2026-01-08,Nocturna,Provincia,16,8704,12656
2026-01-08,Nocturna,Provincia,17,2469,12656
2026-01-08,Nocturna,Provincia,18,7472,12656
2026-01-08,Nocturna,Provincia,19,1976,12656
2026-01-08,Nocturna,Provincia,20,5855,12656
2026-01-09,Nocturna,Provincia,1,4113,12657
2026-01-09,Nocturna,Provincia,2,4336,12657
2026-01-09,Nocturna,Provincia,3,9879,12657
2026-01-09,Nocturna,Provincia,4,1800,12657
2026-01-09,Nocturna,Provincia,5,2549,12657
2026-01-09,Nocturna,Provincia,6,1746,12657
2026-01-09,Nocturna,Provincia,7,2045,12657
2026-01-09,Nocturna,Provincia,8,0739,12657
2026-01-09,Nocturna,Provincia,9,5654,12657
2026-01-09,Nocturna,Provincia,10,1672,12657
2026-01-09,Nocturna,Provincia,11,6605,12657
2026-01-09,Nocturna,Provincia,12,9380,12657
2026-01-09,Nocturna,Provincia,13,3306,12657
2026-01-09,Nocturna,Provincia,14,3732,12657
2026-01-09,Nocturna,Provincia,15,4697,12657
2026-01-09,Nocturna,Provincia,16,2523,12657
2026-01-09,Nocturna,Provincia,17,1042,12657
2026-01-09,Nocturna,Provincia,18,7636,12657
2026-01-09,Nocturna,Provincia,19,0318,12657
2026-01-09,Nocturna,Provincia,20,4914,12657
2026-01-10,Nocturna,Provincia,1,2546,12658
2026-01-10,Nocturna,Provincia,2,6633,12658
2026-01-10,Nocturna,Provincia,3,9870,12658
2026-01-10,Nocturna,Provincia,4,4657,12658
2026-01-10,Nocturna,Provincia,5,3207,12658
2026-01-10,Nocturna,Provincia,6,7125,12658
2026-01-10,Nocturna,Provincia,7,7459,12658
2026-01-10,Nocturna,Provincia,8,0670,12658
2026-01-10,Nocturna,Provincia,9,9130,12658
2026-01-10,Nocturna,Provincia,10,2232,12658
2026-01-10,Nocturna,Provincia,11,8053,12658
2026-01-10,Nocturna,Provincia,12,0985,12658
2026-01-10,Nocturna,Provincia,13,6527,12658
2026-01-10,Nocturna,Provincia,14,8168,12658
2026-01-10,Nocturna,Provincia,15,1951,12658
2026-01-10,Nocturna,Provincia,16,3842,12658
2026-01-10,Nocturna,Provincia,17,4854,12658
2026-01-10,Nocturna,Provincia,18,8980,12658
2026-01-10,Nocturna,Provincia,19,4735,12658
2026-01-10,Nocturna,Provincia,20,0459,12658
2026-01-12,Nocturna,Provincia,1,1323,12659
2026-01-12,Nocturna,Provincia,2,7336,12659
2026-01-12,Nocturna,Provincia,3,6736,12659
2026-01-12,Nocturna,Provincia,4,2779,12659
2026-01-12,Nocturna,Provincia,5,7634,12659
2026-01-12,Nocturna,Provincia,6,0450,12659
2026-01-12,Nocturna,Provincia,7,8986,12659
2026-01-12,Nocturna,Provincia,8,8210,12659
2026-01-12,Nocturna,Provincia,9,6946,12659
2026-01-12,Nocturna,Provincia,10,1679,12659
2026-01-12,Nocturna,Provincia,11,4161,12659
2026-01-12,Nocturna,Provincia,12,1617,12659
2026-01-12,Nocturna,Provincia,13,4661,12659
2026-01-12,Nocturna,Provincia,14,9569,12659
2026-01-12,Nocturna,Provincia,15,3671,12659
2026-01-12,Nocturna,Provincia,16,7818,12659
2026-01-12,Nocturna,Provincia,17,8520,12659
2026-01-12,Nocturna,Provincia,18,8212,12659
2026-01-12,Nocturna,Provincia,19,8942,12659
2026-01-12,Nocturna,Provincia,20,3320,12659
2026-01-13,Nocturna,Provincia,1,7600,12660
2026-01-13,Nocturna,Provincia,2,1127,12660
2026-01-13,Nocturna,Provincia,3,5262,12660
2026-01-13,Nocturna,Provincia,4,7060,12660
2026-01-13,Nocturna,Provincia,5,2067,12660
2026-01-13,Nocturna,Provincia,6,2885,12660
2026-01-13,Nocturna,Provincia,7,4955,12660
2026-01-13,Nocturna,Provincia,8,7383,12660
2026-01-13,Nocturna,Provincia,9,2885,12660
2026-01-13,Nocturna,Provincia,10,9850,12660
2026-01-13,Nocturna,Provincia,11,4730,12660
2026-01-13,Nocturna,Provincia,12,8578,12660
2026-01-13,Nocturna,Provincia,13,8473,12660
2026-01-13,Nocturna,Provincia,14,4873,12660
2026-01-13,Nocturna,Provincia,15,6816,12660
2026-01-13,Nocturna,Provincia,16,1458,12660
2026-01-13,Nocturna,Provincia,17,9104,12660
2026-01-13,Nocturna,Provincia,18,8244,12660
2026-01-13,Nocturna,Provincia,19,1196,12660
2026-01-13,Nocturna,Provincia,20,4546,12660
2026-01-14,Nocturna,Provincia,1,0211,12661
2026-01-14,Nocturna,Provincia,2,6236,12661
2026-01-14,Nocturna,Provincia,3,5163,12661
2026-01-14,Nocturna,Provincia,4,5784,12661
2026-01-14,Nocturna,Provincia,5,2094,12661
2026-01-14,Nocturna,Provincia,6,5837,12661
2026-01-14,Nocturna,Provincia,7,2529,12661
2026-01-14,Nocturna,Provincia,8,3427,12661
2026-01-14,Nocturna,Provincia,9,7231,12661
2026-01-14,Nocturna,Provincia,10,5860,12661
2026-01-14,Nocturna,Provincia,11,8613,12661
2026-01-14,Nocturna,Provincia,12,0116,12661
2026-01-14,Nocturna,Provincia,13,4050,12661
2026-01-14,Nocturna,Provincia,14,8842,12661
2026-01-14,Nocturna,Provincia,15,1817,12661
2026-01-14,Nocturna,Provincia,16,3040,12661
2026-01-14,Nocturna,Provincia,17,1395,12661
2026-01-14,Nocturna,Provincia,18,8416,12661
2026-01-14,Nocturna,Provincia,19,4864,12661
2026-01-14,Nocturna,Provincia,20,3254,12661
2026-01-15,Nocturna,Provincia,1,7907,12662
2026-01-15,Nocturna,Provincia,2,6313,12662
2026-01-15,Nocturna,Provincia,3,8417,12662
2026-01-15,Nocturna,Provincia,4,5735,12662
2026-01-15,Nocturna,Provincia,5,7924,12662
2026-01-15,Nocturna,Provincia,6,2793,12662
2026-01-15,Nocturna,Provincia,7,2030,12662
2026-01-15,Nocturna,Provincia,8,4699,12662
2026-01-15,Nocturna,Provincia,9,7192,12662
2026-01-15,Nocturna,Provincia,10,3747,12662
2026-01-15,Nocturna,Provincia,11,5045,12662
2026-01-15,Nocturna,Provincia,12,5648,12662
2026-01-15,Nocturna,Provincia,13,8860,12662
2026-01-15,Nocturna,Provincia,14,8235,12662
2026-01-15,Nocturna,Provincia,15,1251,12662
2026-01-15,Nocturna,Provincia,16,7242,12662
2026-01-15,Nocturna,Provincia,17,5095,12662
2026-01-15,Nocturna,Provincia,18,7292,12662
2026-01-15,Nocturna,Provincia,19,2391,12662
2026-01-15,Nocturna,Provincia,20,3266,12662
2026-01-16,Nocturna,Provincia,1,5886,12663
2026-01-16,Nocturna,Provincia,2,6773,12663
2026-01-16,Nocturna,Provincia,3,0612,12663
2026-01-16,Nocturna,Provincia,4,7919,12663
2026-01-16,Nocturna,Provincia,5,6216,12663
2026-01-16,Nocturna,Provincia,6,7680,12663
2026-01-16,Nocturna,Provincia,7,8689,12663
2026-01-16,Nocturna,Provincia,8,2938,12663
2026-01-16,Nocturna,Provincia,9,4565,12663
2026-01-16,Nocturna,Provincia,10,0284,12663
2026-01-16,Nocturna,Provincia,11,0457,12663
2026-01-16,Nocturna,Provincia,12,9341,12663
2026-01-16,Nocturna,Provincia,13,0040,12663
2026-01-16,Nocturna,Provincia,14,7666,12663
2026-01-16,Nocturna,Provincia,15,7795,12663
2026-01-16,Nocturna,Provincia,16,5685,12663
2026-01-16,Nocturna,Provincia,17,3150,12663
2026-01-16,Nocturna,Provincia,18,5572,12663
2026-01-16,Nocturna,Provincia,19,2767,12663
2026-01-16,Nocturna,Provincia,20,7786,12663
2026-01-17,Nocturna,Provincia,1,7055,12664
2026-01-17,Nocturna,Provincia,2,2441,12664
2026-01-17,Nocturna,Provincia,3,2034,12664
2026-01-17,Nocturna,Provincia,4,5307,12664
2026-01-17,Nocturna,Provincia,5,0845,12664
2026-01-17,Nocturna,Provincia,6,1687,12664
2026-01-17,Nocturna,Provincia,7,7097,12664
2026-01-17,Nocturna,Provincia,8,7195,12664
2026-01-17,Nocturna,Provincia,9,5099,12664
2026-01-17,Nocturna,Provincia,10,9129,12664
2026-01-17,Nocturna,Provincia,11,7054,12664
2026-01-17,Nocturna,Provincia,12,3774,12664
2026-01-17,Nocturna,Provincia,13,3126,12664
2026-01-17,Nocturna,Provincia,14,5429,12664
2026-01-17,Nocturna,Provincia,15,9268,12664
2026-01-17,Nocturna,Provincia,16,9713,12664
2026-01-17,Nocturna,Provincia,17,0995,12664
2026-01-17,Nocturna,Provincia,18,2908,12664
2026-01-17,Nocturna,Provincia,19,7914,12664
2026-01-17,Nocturna,Provincia,20,5033,12664
2026-01-19,Nocturna,Provincia,1,2747,12665
2026-01-19,Nocturna,Provincia,2,1848,12665
2026-01-19,Nocturna,Provincia,3,6623,12665
2026-01-19,Nocturna,Provincia,4,4571,12665
2026-01-19,Nocturna,Provincia,5,2002,12665
2026-01-19,Nocturna,Provincia,6,8862,12665
2026-01-19,Nocturna,Provincia,7,4707,12665
2026-01-19,Nocturna,Provincia,8,2600,12665
2026-01-19,Nocturna,Provincia,9,5454,12665
2026-01-19,Nocturna,Provincia,10,1865,12665
2026-01-19,Nocturna,Provincia,11,4887,12665
2026-01-19,Nocturna,Provincia,12,1778,12665
2026-01-19,Nocturna,Provincia,13,3877,12665
2026-01-19,Nocturna,Provincia,14,7507,12665
2026-01-19,Nocturna,Provincia,15,5865,12665
2026-01-19,Nocturna,Provincia,16,2242,12665
2026-01-19,Nocturna,Provincia,17,3405,12665
2026-01-19,Nocturna,Provincia,18,0042,12665
2026-01-19,Nocturna,Provincia,19,5428,12665
2026-01-19,Nocturna,Provincia,20,6591,12665
2026-01-20,Nocturna,Provincia,1,0217,12666
2026-01-20,Nocturna,Provincia,2,3860,12666
2026-01-20,Nocturna,Provincia,3,5883,12666
2026-01-20,Nocturna,Provincia,4,5572,12666
2026-01-20,Nocturna,Provincia,5,3131,12666
2026-01-20,Nocturna,Provincia,6,2653,12666
2026-01-20,Nocturna,Provincia,7,5877,12666
2026-01-20,Nocturna,Provincia,8,2065,12666
2026-01-20,Nocturna,Provincia,9,9442,12666
2026-01-20,Nocturna,Provincia,10,9294,12666
2026-01-20,Nocturna,Provincia,11,4830,12666
2026-01-20,Nocturna,Provincia,12,3042,12666
2026-01-20,Nocturna,Provincia,13,8427,12666
2026-01-20,Nocturna,Provincia,14,8380,12666
2026-01-20,Nocturna,Provincia,15,7047,12666
2026-01-20,Nocturna,Provincia,16,3904,12666
2026-01-20,Nocturna,Provincia,17,6375,12666
2026-01-20,Nocturna,Provincia,18,5453,12666
2026-01-20,Nocturna,Provincia,19,5679,12666
2026-01-20,Nocturna,Provincia,20,8020,12666
2026-01-21,Nocturna,Provincia,1,9730,12667
2026-01-21,Nocturna,Provincia,2,2451,12667
2026-01-21,Nocturna,Provincia,3,7104,12667
2026-01-21,Nocturna,Provincia,4,7361,12667
2026-01-21,Nocturna,Provincia,5,3511,12667
2026-01-21,Nocturna,Provincia,6,3034,12667
2026-01-21,Nocturna,Provincia,7,1213,12667
2026-01-21,Nocturna,Provincia,8,9545,12667
2026-01-21,Nocturna,Provincia,9,5338,12667
2026-01-21,Nocturna,Provincia,10,7128,12667
2026-01-21,Nocturna,Provincia,11,0903,12667
2026-01-21,Nocturna,Provincia,12,9930,12667
2026-01-21,Nocturna,Provincia,13,4601,12667
2026-01-21,Nocturna,Provincia,14,6644,12667
2026-01-21,Nocturna,Provincia,15,7429,12667
2026-01-21,Nocturna,Provincia,16,4527,12667
2026-01-21,Nocturna,Provincia,17,1420,12667
2026-01-21,Nocturna,Provincia,18,3269,12667
2026-01-21,Nocturna,Provincia,19,3894,12667
2026-01-21,Nocturna,Provincia,20,7754,12667
2026-01-22,Nocturna,Provincia,1,9689,12668
2026-01-22,Nocturna,Provincia,2,8096,12668
2026-01-22,Nocturna,Provincia,3,7841,12668
2026-01-22,Nocturna,Provincia,4,3293,12668
2026-01-22,Nocturna,Provincia,5,2139,12668
2026-01-22,Nocturna,Provincia,6,0983,12668
2026-01-22,Nocturna,Provincia,7,9694,12668
2026-01-22,Nocturna,Provincia,8,1599,12668
2026-01-22,Nocturna,Provincia,9,1237,12668
2026-01-22,Nocturna,Provincia,10,4162,12668
2026-01-22,Nocturna,Provincia,11,3804,12668
2026-01-22,Nocturna,Provincia,12,0356,12668
2026-01-22,Nocturna,Provincia,13,0536,12668
2026-01-22,Nocturna,Provincia,14,4047,12668
2026-01-22,Nocturna,Provincia,15,6364,12668
2026-01-22,Nocturna,Provincia,16,0092,12668
2026-01-22,Nocturna,Provincia,17,1004,12668
2026-01-22,Nocturna,Provincia,18,8870,12668
2026-01-22,Nocturna,Provincia,19,4158,12668
2026-01-22,Nocturna,Provincia,20,6475,12668
2026-01-23,Nocturna,Provincia,1,8595,12669
2026-01-23,Nocturna,Provincia,2,3256,12669
2026-01-23,Nocturna,Provincia,3,6766,12669
2026-01-23,Nocturna,Provincia,4,3643,12669
2026-01-23,Nocturna,Provincia,5,6228,12669
2026-01-23,Nocturna,Provincia,6,5327,12669
2026-01-23,Nocturna,Provincia,7,0416,12669
2026-01-23,Nocturna,Provincia,8,1890,12669
2026-01-23,Nocturna,Provincia,9,9509,12669
2026-01-23,Nocturna,Provincia,10,6142,12669
2026-01-23,Nocturna,Provincia,11,9850,12669
2026-01-23,Nocturna,Provincia,12,9173,12669
2026-01-23,Nocturna,Provincia,13,3402,12669
2026-01-23,Nocturna,Provincia,14,6614,12669
2026-01-23,Nocturna,Provincia,15,5237,12669
2026-01-23,Nocturna,Provincia,16,0968,12669
2026-01-23,Nocturna,Provincia,17,5456,12669
2026-01-23,Nocturna,Provincia,18,2876,12669
2026-01-23,Nocturna,Provincia,19,9349,12669
2026-01-23,Nocturna,Provincia,20,0878,12669
2026-01-24,Nocturna,Provincia,1,7220,12670
2026-01-24,Nocturna,Provincia,2,3862,12670
2026-01-24,Nocturna,Provincia,3,9183,12670
2026-01-24,Nocturna,Provincia,4,0197,12670
2026-01-24,Nocturna,Provincia,5,2222,12670
2026-01-24,Nocturna,Provincia,6,3309,12670
2026-01-24,Nocturna,Provincia,7,4633,12670
2026-01-24,Nocturna,Provincia,8,0938,12670
2026-01-24,Nocturna,Provincia,9,2573,12670
2026-01-24,Nocturna,Provincia,10,3534,12670
2026-01-24,Nocturna,Provincia,11,4205,12670
2026-01-24,Nocturna,Provincia,12,6833,12670
2026-01-24,Nocturna,Provincia,13,7664,12670
2026-01-24,Nocturna,Provincia,14,5551,12670
2026-01-24,Nocturna,Provincia,15,7395,12670
2026-01-24,Nocturna,Provincia,16,3973,12670
2026-01-24,Nocturna,Provincia,17,1833,12670
2026-01-24,Nocturna,Provincia,18,3723,12670
2026-01-24,Nocturna,Provincia,19,8357,12670
2026-01-24,Nocturna,Provincia,20,6956,12670
2026-01-26,Nocturna,Provincia,1,2997,12671
2026-01-26,Nocturna,Provincia,2,2393,12671
2026-01-26,Nocturna,Provincia,3,3206,12671
2026-01-26,Nocturna,Provincia,4,2499,12671
2026-01-26,Nocturna,Provincia,5,1557,12671
2026-01-26,Nocturna,Provincia,6,1348,12671
2026-01-26,Nocturna,Provincia,7,8875,12671
2026-01-26,Nocturna,Provincia,8,5920,12671
2026-01-26,Nocturna,Provincia,9,2240,12671
2026-01-26,Nocturna,Provincia,10,1076,12671
2026-01-26,Nocturna,Provincia,11,4589,12671
2026-01-26,Nocturna,Provincia,12,4942,12671
2026-01-26,Nocturna,Provincia,13,7591,12671
2026-01-26,Nocturna,Provincia,14,8105,12671
2026-01-26,Nocturna,Provincia,15,1502,12671
2026-01-26,Nocturna,Provincia,16,8420,12671
2026-01-26,Nocturna,Provincia,17,5347,12671
2026-01-26,Nocturna,Provincia,18,9696,12671
2026-01-26,Nocturna,Provincia,19,7776,12671
2026-01-26,Nocturna,Provincia,20,2021,12671
2026-01-27,Nocturna,Provincia,1,9597,12672
2026-01-27,Nocturna,Provincia,2,7127,12672
2026-01-27,Nocturna,Provincia,3,6362,12672
2026-01-27,Nocturna,Provincia,4,0357,12672
2026-01-27,Nocturna,Provincia,5,6223,12672
2026-01-27,Nocturna,Provincia,6,7271,12672
2026-01-27,Nocturna,Provincia,7,3957,12672
2026-01-27,Nocturna,Provincia,8,7049,12672
2026-01-27,Nocturna,Provincia,9,0483,12672
2026-01-27,Nocturna,Provincia,10,6847,12672
2026-01-27,Nocturna,Provincia,11,4663,12672
2026-01-27,Nocturna,Provincia,12,6554,12672
2026-01-27,Nocturna,Provincia,13,5828,12672
2026-01-27,Nocturna,Provincia,14,9009,12672
2026-01-27,Nocturna,Provincia,15,2375,12672
2026-01-27,Nocturna,Provincia,16,5444,12672
2026-01-27,Nocturna,Provincia,17,0515,12672
2026-01-27,Nocturna,Provincia,18,8208,12672
2026-01-27,Nocturna,Provincia,19,6324,12672
2026-01-27,Nocturna,Provincia,20,9125,12672
2026-01-28,Nocturna,Provincia,1,7368,12673
2026-01-28,Nocturna,Provincia,2,1933,12673
2026-01-28,Nocturna,Provincia,3,7949,12673
2026-01-28,Nocturna,Provincia,4,4142,12673
2026-01-28,Nocturna,Provincia,5,9618,12673
2026-01-28,Nocturna,Provincia,6,4565,12673
2026-01-28,Nocturna,Provincia,7,5358,12673
2026-01-28,Nocturna,Provincia,8,6969,12673
2026-01-28,Nocturna,Provincia,9,4016,12673
2026-01-28,Nocturna,Provincia,10,0031,12673
2026-01-28,Nocturna,Provincia,11,3692,12673
2026-01-28,Nocturna,Provincia,12,0933,12673
2026-01-28,Nocturna,Provincia,13,5447,12673
2026-01-28,Nocturna,Provincia,14,5255,12673
2026-01-28,Nocturna,Provincia,15,3571,12673
2026-01-28,Nocturna,Provincia,16,3614,12673
2026-01-28,Nocturna,Provincia,17,6772,12673
2026-01-28,Nocturna,Provincia,18,0763,12673
2026-01-28,Nocturna,Provincia,19,9491,12673
2026-01-28,Nocturna,Provincia,20,2962,12673
2026-01-29,Nocturna,Provincia,1,6999,12674
2026-01-29,Nocturna,Provincia,2,5154,12674
2026-01-29,Nocturna,Provincia,3,4527,12674
2026-01-29,Nocturna,Provincia,4,9080,12674
2026-01-29,Nocturna,Provincia,5,3372,12674
2026-01-29,Nocturna,Provincia,6,9340,12674
2026-01-29,Nocturna,Provincia,7,4878,12674
2026-01-29,Nocturna,Provincia,8,8046,12674
2026-01-29,Nocturna,Provincia,9,4463,12674
2026-01-29,Nocturna,Provincia,10,5072,12674
2026-01-29,Nocturna,Provincia,11,4528,12674
2026-01-29,Nocturna,Provincia,12,2779,12674
2026-01-29,Nocturna,Provincia,13,9093,12674
2026-01-29,Nocturna,Provincia,14,3596,12674
2026-01-29,Nocturna,Provincia,15,9336,12674
2026-01-29,Nocturna,Provincia,16,3584,12674
2026-01-29,Nocturna,Provincia,17,4008,12674
2026-01-29,Nocturna,Provincia,18,4803,12674
2026-01-29,Nocturna,Provincia,19,6072,12674
2026-01-29,Nocturna,Provincia,20,2220,12674
2026-01-30,Nocturna,Provincia,1,6665,12675
2026-01-30,Nocturna,Provincia,2,8344,12675
2026-01-30,Nocturna,Provincia,3,8954,12675
2026-01-30,Nocturna,Provincia,4,6217,12675
2026-01-30,Nocturna,Provincia,5,5963,12675
2026-01-30,Nocturna,Provincia,6,0213,12675
2026-01-30,Nocturna,Provincia,7,8275,12675
2026-01-30,Nocturna,Provincia,8,1097,12675
2026-01-30,Nocturna,Provincia,9,8659,12675
2026-01-30,Nocturna,Provincia,10,2863,12675
2026-01-30,Nocturna,Provincia,11,8333,12675
2026-01-30,Nocturna,Provincia,12,8394,12675
2026-01-30,Nocturna,Provincia,13,6478,12675
2026-01-30,Nocturna,Provincia,14,0639,12675
2026-01-30,Nocturna,Provincia,15,3568,12675
2026-01-30,Nocturna,Provincia,16,5467,12675
2026-01-30,Nocturna,Provincia,17,7986,12675
2026-01-30,Nocturna,Provincia,18,6890,12675
2026-01-30,Nocturna,Provincia,19,2845,12675
2026-01-30,Nocturna,Provincia,20,0560,12675
2026-01-31,Nocturna,Provincia,1,4124,12676
2026-01-31,Nocturna,Provincia,2,8400,12676
2026-01-31,Nocturna,Provincia,3,9030,12676
2026-01-31,Nocturna,Provincia,4,2639,12676
2026-01-31,Nocturna,Provincia,5,3207,12676
2026-01-31,Nocturna,Provincia,6,1562,12676
2026-01-31,Nocturna,Provincia,7,8830,12676
2026-01-31,Nocturna,Provincia,8,3789,12676
2026-01-31,Nocturna,Provincia,9,0514,12676
2026-01-31,Nocturna,Provincia,10,7223,12676
2026-01-31,Nocturna,Provincia,11,1376,12676
2026-01-31,Nocturna,Provincia,12,7863,12676
2026-01-31,Nocturna,Provincia,13,8985,12676
2026-01-31,Nocturna,Provincia,14,9563,12676
2026-01-31,Nocturna,Provincia,15,6317,12676
2026-01-31,Nocturna,Provincia,16,8511,12676
2026-01-31,Nocturna,Provincia,17,5224,12676
2026-01-31,Nocturna,Provincia,18,2184,12676
2026-01-31,Nocturna,Provincia,19,3521,12676
2026-01-31,Nocturna,Provincia,20,5636,12676
2026-02-02,Nocturna,Provincia,1,3563,12677
2026-02-02,Nocturna,Provincia,2,8455,12677
2026-02-02,Nocturna,Provincia,3,6572,12677
2026-02-02,Nocturna,Provincia,4,0510,12677
2026-02-02,Nocturna,Provincia,5,2526,12677
2026-02-02,Nocturna,Provincia,6,0279,12677
2026-02-02,Nocturna,Provincia,7,1579,12677
2026-02-02,Nocturna,Provincia,8,1036,12677
2026-02-02,Nocturna,Provincia,9,7225,12677
2026-02-02,Nocturna,Provincia,10,2452,12677
2026-02-02,Nocturna,Provincia,11,5074,12677
2026-02-02,Nocturna,Provincia,12,0827,12677
2026-02-02,Nocturna,Provincia,13,7124,12677
2026-02-02,Nocturna,Provincia,14,1048,12677
2026-02-02,Nocturna,Provincia,15,8539,12677
2026-02-02,Nocturna,Provincia,16,4787,12677
2026-02-02,Nocturna,Provincia,17,8723,12677
2026-02-02,Nocturna,Provincia,18,6742,12677
2026-02-02,Nocturna,Provincia,19,6706,12677
2026-02-02,Nocturna,Provincia,20,3227,12677
2026-02-03,Nocturna,Provincia,1,1444,12678
2026-02-03,Nocturna,Provincia,2,6953,12678
2026-02-03,Nocturna,Provincia,3,6986,12678
2026-02-03,Nocturna,Provincia,4,7123,12678
2026-02-03,Nocturna,Provincia,5,2884,12678
2026-02-03,Nocturna,Provincia,6,6255,12678
2026-02-03,Nocturna,Provincia,7,0731,12678
2026-02-03,Nocturna,Provincia,8,7789,12678
2026-02-03,Nocturna,Provincia,9,9340,12678
2026-02-03,Nocturna,Provincia,10,1125,12678
2026-02-03,Nocturna,Provincia,11,3470,12678
2026-02-03,Nocturna,Provincia,12,9154,12678
2026-02-03,Nocturna,Provincia,13,5845,12678
2026-02-03,Nocturna,Provincia,14,1245,12678
2026-02-03,Nocturna,Provincia,15,3475,12678
2026-02-03,Nocturna,Provincia,16,9471,12678
2026-02-03,Nocturna,Provincia,17,8399,12678
2026-02-03,Nocturna,Provincia,18,4400,12678
2026-02-03,Nocturna,Provincia,19,8058,12678
2026-02-03,Nocturna,Provincia,20,7506,12678
2026-02-04,Nocturna,Provincia,1,3951,12679
2026-02-04,Nocturna,Provincia,2,5770,12679
2026-02-04,Nocturna,Provincia,3,1670,12679
2026-02-04,Nocturna,Provincia,4,2855,12679
2026-02-04,Nocturna,Provincia,5,1755,12679
2026-02-04,Nocturna,Provincia,6,5043,12679
2026-02-04,Nocturna,Provincia,7,4165,12679
2026-02-04,Nocturna,Provincia,8,0430,12679
2026-02-04,Nocturna,Provincia,9,0846,12679
2026-02-04,Nocturna,Provincia,10,0825,12679
2026-02-04,Nocturna,Provincia,11,1466,12679
2026-02-04,Nocturna,Provincia,12,0890,12679
2026-02-04,Nocturna,Provincia,13,3575,12679
2026-02-04,Nocturna,Provincia,14,0397,12679
2026-02-04,Nocturna,Provincia,15,0424,12679
2026-02-04,Nocturna,Provincia,16,9669,12679
2026-02-04,Nocturna,Provincia,17,1868,12679
2026-02-04,Nocturna,Provincia,18,5017,12679
2026-02-04,Nocturna,Provincia,19,2154,12679
2026-02-04,Nocturna,Provincia,20,3189,12679
2026-02-05,Nocturna,Provincia,1,3510,12680
2026-02-05,Nocturna,Provincia,2,8871,12680
2026-02-05,Nocturna,Provincia,3,0441,12680
2026-02-05,Nocturna,Provincia,4,7305,12680
2026-02-05,Nocturna,Provincia,5,0824,12680
2026-02-05,Nocturna,Provincia,6,8287,12680
2026-02-05,Nocturna,Provincia,7,3228,12680
2026-02-05,Nocturna,Provincia,8,4847,12680
2026-02-05,Nocturna,Provincia,9,1862,12680
2026-02-05,Nocturna,Provincia,10,9350,12680
2026-02-05,Nocturna,Provincia,11,4025,12680
2026-02-05,Nocturna,Provincia,12,5872,12680
2026-02-05,Nocturna,Provincia,13,2874,12680
2026-02-05,Nocturna,Provincia,14,3260,12680
2026-02-05,Nocturna,Provincia,15,3131,12680
2026-02-05,Nocturna,Provincia,16,9618,12680
2026-02-05,Nocturna,Provincia,17,9424,12680
2026-02-05,Nocturna,Provincia,18,0535,12680
2026-02-05,Nocturna,Provincia,19,8765,12680
2026-02-05,Nocturna,Provincia,20,2264,12680
2026-02-06,Nocturna,Provincia,1,2329,12681
2026-02-06,Nocturna,Provincia,2,7694,12681
2026-02-06,Nocturna,Provincia,3,3965,12681
2026-02-06,Nocturna,Provincia,4,7578,12681
2026-02-06,Nocturna,Provincia,5,1566,12681
2026-02-06,Nocturna,Provincia,6,7592,12681
2026-02-06,Nocturna,Provincia,7,9629,12681
2026-02-06,Nocturna,Provincia,8,4478,12681
2026-02-06,Nocturna,Provincia,9,4700,12681
2026-02-06,Nocturna,Provincia,10,0705,12681
2026-02-06,Nocturna,Provincia,11,4561,12681
2026-02-06,Nocturna,Provincia,12,6154,12681
2026-02-06,Nocturna,Provincia,13,0465,12681
2026-02-06,Nocturna,Provincia,14,7267,12681
2026-02-06,Nocturna,Provincia,15,4213,12681
2026-02-06,Nocturna,Provincia,16,7925,12681
2026-02-06,Nocturna,Provincia,17,8668,12681
2026-02-06,Nocturna,Provincia,18,2127,12681
2026-02-06,Nocturna,Provincia,19,2188,12681
2026-02-06,Nocturna,Provincia,20,9918,12681
2026-02-07,Nocturna,Provincia,1,6456,12682
2026-02-07,Nocturna,Provincia,2,9101,12682
2026-02-07,Nocturna,Provincia,3,4184,12682
2026-02-07,Nocturna,Provincia,4,1789,12682
2026-02-07,Nocturna,Provincia,5,8889,12682
2026-02-07,Nocturna,Provincia,6,3116,12682
2026-02-07,Nocturna,Provincia,7,3089,12682
2026-02-07,Nocturna,Provincia,8,4228,12682
2026-02-07,Nocturna,Provincia,9,1823,12682
2026-02-07,Nocturna,Provincia,10,7766,12682
2026-02-07,Nocturna,Provincia,11,8792,12682
2026-02-07,Nocturna,Provincia,12,4415,12682
2026-02-07,Nocturna,Provincia,13,5609,12682
2026-02-07,Nocturna,Provincia,14,2494,12682
2026-02-07,Nocturna,Provincia,15,9459,12682
2026-02-07,Nocturna,Provincia,16,8737,12682
2026-02-07,Nocturna,Provincia,17,2897,12682
2026-02-07,Nocturna,Provincia,18,3736,12682
2026-02-07,Nocturna,Provincia,19,3068,12682
2026-02-07,Nocturna,Provincia,20,5308,12682
2026-02-09,Nocturna,Provincia,1,0021,12683
2026-02-09,Nocturna,Provincia,2,5397,12683
2026-02-09,Nocturna,Provincia,3,4749,12683
2026-02-09,Nocturna,Provincia,4,6922,12683
2026-02-09,Nocturna,Provincia,5,6773,12683
2026-02-09,Nocturna,Provincia,6,0939,12683
2026-02-09,Nocturna,Provincia,7,5895,12683
2026-02-09,Nocturna,Provincia,8,4390,12683
2026-02-09,Nocturna,Provincia,9,1997,12683
2026-02-09,Nocturna,Provincia,10,5050,12683
2026-02-09,Nocturna,Provincia,11,7118,12683
2026-02-09,Nocturna,Provincia,12,6485,12683
2026-02-09,Nocturna,Provincia,13,0183,12683
2026-02-09,Nocturna,Provincia,14,3672,12683
2026-02-09,Nocturna,Provincia,15,8632,12683
2026-02-09,Nocturna,Provincia,16,0701,12683
2026-02-09,Nocturna,Provincia,17,6918,12683
2026-02-09,Nocturna,Provincia,18,8584,12683
2026-02-09,Nocturna,Provincia,19,6785,12683
2026-02-09,Nocturna,Provincia,20,7570,12683
2026-02-10,Nocturna,Provincia,1,7185,12684
2026-02-10,Nocturna,Provincia,2,0308,12684
2026-02-10,Nocturna,Provincia,3,1541,12684
2026-02-10,Nocturna,Provincia,4,8402,12684
2026-02-10,Nocturna,Provincia,5,8466,12684
2026-02-10,Nocturna,Provincia,6,8282,12684
2026-02-10,Nocturna,Provincia,7,7953,12684
2026-02-10,Nocturna,Provincia,8,1677,12684
2026-02-10,Nocturna,Provincia,9,9653,12684
2026-02-10,Nocturna,Provincia,10,0248,12684
2026-02-10,Nocturna,Provincia,11,6228,12684
2026-02-10,Nocturna,Provincia,12,6376,12684
2026-02-10,Nocturna,Provincia,13,4454,12684
2026-02-10,Nocturna,Provincia,14,0226,12684
2026-02-10,Nocturna,Provincia,15,1758,12684
2026-02-10,Nocturna,Provincia,16,1176,12684
2026-02-10,Nocturna,Provincia,17,9874,12684
2026-02-10,Nocturna,Provincia,18,3667,12684
2026-02-10,Nocturna,Provincia,19,4267,12684
2026-02-10,Nocturna,Provincia,20,6397,12684
2026-02-11,Nocturna,Provincia,1,3330,12685
2026-02-11,Nocturna,Provincia,2,5677,12685
2026-02-11,Nocturna,Provincia,3,6548,12685
2026-02-11,Nocturna,Provincia,4,5716,12685
2026-02-11,Nocturna,Provincia,5,3031,12685
2026-02-11,Nocturna,Provincia,6,5753,12685
2026-02-11,Nocturna,Provincia,7,0033,12685
2026-02-11,Nocturna,Provincia,8,2022,12685
2026-02-11,Nocturna,Provincia,9,8997,12685
2026-02-11,Nocturna,Provincia,10,9200,12685
2026-02-11,Nocturna,Provincia,11,2202,12685
2026-02-11,Nocturna,Provincia,12,1054,12685
2026-02-11,Nocturna,Provincia,13,7267,12685
2026-02-11,Nocturna,Provincia,14,2795,12685
2026-02-11,Nocturna,Provincia,15,6336,12685
2026-02-11,Nocturna,Provincia,16,9629,12685
2026-02-11,Nocturna,Provincia,17,5639,12685
2026-02-11,Nocturna,Provincia,18,7008,12685
2026-02-11,Nocturna,Provincia,19,5630,12685
2026-02-11,Nocturna,Provincia,20,6005,12685
2026-02-12,Nocturna,Provincia,1,0820,12686
2026-02-12,Nocturna,Provincia,2,1173,12686
2026-02-12,Nocturna,Provincia,3,0898,12686
2026-02-12,Nocturna,Provincia,4,0554,12686
2026-02-12,Nocturna,Provincia,5,5812,12686
2026-02-12,Nocturna,Provincia,6,3196,12686
2026-02-12,Nocturna,Provincia,7,7007,12686
2026-02-12,Nocturna,Provincia,8,1485,12686
2026-02-12,Nocturna,Provincia,9,1899,12686
2026-02-12,Nocturna,Provincia,10,5968,12686
2026-02-12,Nocturna,Provincia,11,5676,12686
2026-02-12,Nocturna,Provincia,12,8372,12686
2026-02-12,Nocturna,Provincia,13,3754,12686
2026-02-12,Nocturna,Provincia,14,4489,12686
2026-02-12,Nocturna,Provincia,15,5680,12686
2026-02-12,Nocturna,Provincia,16,3275,12686
2026-02-12,Nocturna,Provincia,17,4023,12686
2026-02-12,Nocturna,Provincia,18,5529,12686
2026-02-12,Nocturna,Provincia,19,1931,12686
2026-02-12,Nocturna,Provincia,20,5784,12686
2026-02-13,Nocturna,Provincia,1,0796,12687
2026-02-13,Nocturna,Provincia,2,5228,12687
2026-02-13,Nocturna,Provincia,3,5673,12687
2026-02-13,Nocturna,Provincia,4,8287,12687
2026-02-13,Nocturna,Provincia,5,6624,12687
2026-02-13,Nocturna,Provincia,6,7746,12687
2026-02-13,Nocturna,Provincia,7,0836,12687
2026-02-13,Nocturna,Provincia,8,3249,12687
2026-02-13,Nocturna,Provincia,9,3787,12687
2026-02-13,Nocturna,Provincia,10,5369,12687
2026-02-13,Nocturna,Provincia,11,7334,12687
2026-02-13,Nocturna,Provincia,12,8233,12687
2026-02-13,Nocturna,Provincia,13,3072,12687
2026-02-13,Nocturna,Provincia,14,5743,12687
2026-02-13,Nocturna,Provincia,15,8837,12687
2026-02-13,Nocturna,Provincia,16,1350,12687
2026-02-13,Nocturna,Provincia,17,0545,12687
2026-02-13,Nocturna,Provincia,18,8678,12687
2026-02-13,Nocturna,Provincia,19,2496,12687
2026-02-13,Nocturna,Provincia,20,0928,12687
2026-02-14,Nocturna,Provincia,1,8527,12688
2026-02-14,Nocturna,Provincia,2,3400,12688
2026-02-14,Nocturna,Provincia,3,6171,12688
2026-02-14,Nocturna,Provincia,4,0325,12688
2026-02-14,Nocturna,Provincia,5,5086,12688
2026-02-14,Nocturna,Provincia,6,5304,12688
2026-02-14,Nocturna,Provincia,7,1008,12688
2026-02-14,Nocturna,Provincia,8,9773,12688
2026-02-14,Nocturna,Provincia,9,4224,12688
2026-02-14,Nocturna,Provincia,10,3305,12688
2026-02-14,Nocturna,Provincia,11,6613,12688
2026-02-14,Nocturna,Provincia,12,3944,12688
2026-02-14,Nocturna,Provincia,13,4613,12688
2026-02-14,Nocturna,Provincia,14,5874,12688
2026-02-14,Nocturna,Provincia,15,2227,12688
2026-02-14,Nocturna,Provincia,16,9016,12688
2026-02-14,Nocturna,Provincia,17,0544,12688
2026-02-14,Nocturna,Provincia,18,9738,12688
2026-02-14,Nocturna,Provincia,19,9953,12688
2026-02-14,Nocturna,Provincia,20,7089,12688
2026-02-16,Nocturna,Provincia,1,3725,12689
2026-02-16,Nocturna,Provincia,2,3342,12689
2026-02-16,Nocturna,Provincia,3,8346,12689
2026-02-16,Nocturna,Provincia,4,2486,12689
2026-02-16,Nocturna,Provincia,5,9924,12689
2026-02-16,Nocturna,Provincia,6,1752,12689
2026-02-16,Nocturna,Provincia,7,0401,12689
2026-02-16,Nocturna,Provincia,8,7557,12689
2026-02-16,Nocturna,Provincia,9,7761,12689
2026-02-16,Nocturna,Provincia,10,2982,12689
2026-02-16,Nocturna,Provincia,11,3320,12689
2026-02-16,Nocturna,Provincia,12,3620,12689
2026-02-16,Nocturna,Provincia,13,7659,12689
2026-02-16,Nocturna,Provincia,14,3200,12689
2026-02-16,Nocturna,Provincia,15,4378,12689
2026-02-16,Nocturna,Provincia,16,0068,12689
2026-02-16,Nocturna,Provincia,17,8915,12689
2026-02-16,Nocturna,Provincia,18,6127,12689
2026-02-16,Nocturna,Provincia,19,2155,12689
2026-02-16,Nocturna,Provincia,20,7515,12689
2026-02-17,Nocturna,Provincia,1,8104,12690
2026-02-17,Nocturna,Provincia,2,5005,12690
2026-02-17,Nocturna,Provincia,3,5631,12690
2026-02-17,Nocturna,Provincia,4,0992,12690
2026-02-17,Nocturna,Provincia,5,3913,12690
2026-02-17,Nocturna,Provincia,6,4501,12690
2026-02-17,Nocturna,Provincia,7,4613,12690
2026-02-17,Nocturna,Provincia,8,3658,12690
2026-02-17,Nocturna,Provincia,9,9457,12690
2026-02-17,Nocturna,Provincia,10,9143,12690
2026-02-17,Nocturna,Provincia,11,1191,12690
2026-02-17,Nocturna,Provincia,12,8678,12690
2026-02-17,Nocturna,Provincia,13,8971,12690
2026-02-17,Nocturna,Provincia,14,7001,12690
2026-02-17,Nocturna,Provincia,15,8481,12690
2026-02-17,Nocturna,Provincia,16,4066,12690
2026-02-17,Nocturna,Provincia,17,8255,12690
2026-02-17,Nocturna,Provincia,18,4291,12690
2026-02-17,Nocturna,Provincia,19,0364,12690
2026-02-17,Nocturna,Provincia,20,9636,12690
2026-02-18,Nocturna,Provincia,1,1564,12691
2026-02-18,Nocturna,Provincia,2,1448,12691
2026-02-18,Nocturna,Provincia,3,2901,12691
2026-02-18,Nocturna,Provincia,4,4013,12691
2026-02-18,Nocturna,Provincia,5,6013,12691
2026-02-18,Nocturna,Provincia,6,8351,12691
2026-02-18,Nocturna,Provincia,7,2835,12691
2026-02-18,Nocturna,Provincia,8,8981,12691
2026-02-18,Nocturna,Provincia,9,1890,12691
2026-02-18,Nocturna,Provincia,10,2286,12691
2026-02-18,Nocturna,Provincia,11,5973,12691
2026-02-18,Nocturna,Provincia,12,1998,12691
2026-02-18,Nocturna,Provincia,13,0305,12691
2026-02-18,Nocturna,Provincia,14,9673,12691
2026-02-18,Nocturna,Provincia,15,5430,12691
2026-02-18,Nocturna,Provincia,16,6142,12691
2026-02-18,Nocturna,Provincia,17,4401,12691
2026-02-18,Nocturna,Provincia,18,4903,12691
2026-02-18,Nocturna,Provincia,19,2895,12691
2026-02-18,Nocturna,Provincia,20,6348,12691
2026-02-19,Nocturna,Provincia,1,5823,12692
2026-02-19,Nocturna,Provincia,2,8635,12692
2026-02-19,Nocturna,Provincia,3,0443,12692
2026-02-19,Nocturna,Provincia,4,8895,12692
2026-02-19,Nocturna,Provincia,5,8725,12692
2026-02-19,Nocturna,Provincia,6,9535,12692
2026-02-19,Nocturna,Provincia,7,3848,12692
2026-02-19,Nocturna,Provincia,8,7440,12692
2026-02-19,Nocturna,Provincia,9,2609,12692
2026-02-19,Nocturna,Provincia,10,0727,12692
2026-02-19,Nocturna,Provincia,11,0533,12692
2026-02-19,Nocturna,Provincia,12,9797,12692
2026-02-19,Nocturna,Provincia,13,5296,12692
2026-02-19,Nocturna,Provincia,14,1182,12692
2026-02-19,Nocturna,Provincia,15,4077,12692
2026-02-19,Nocturna,Provincia,16,0069,12692
2026-02-19,Nocturna,Provincia,17,6176,12692
2026-02-19,Nocturna,Provincia,18,0090,12692
2026-02-19,Nocturna,Provincia,19,5881,12692
2026-02-19,Nocturna,Provincia,20,1676,12692
2026-02-20,Nocturna,Provincia,1,1670,12693
2026-02-20,Nocturna,Provincia,2,7809,12693
2026-02-20,Nocturna,Provincia,3,0457,12693
2026-02-20,Nocturna,Provincia,4,4804,12693
2026-02-20,Nocturna,Provincia,5,6148,12693
2026-02-20,Nocturna,Provincia,6,8722,12693
2026-02-20,Nocturna,Provincia,7,4302,12693
2026-02-20,Nocturna,Provincia,8,6462,12693
2026-02-20,Nocturna,Provincia,9,7573,12693
2026-02-20,Nocturna,Provincia,10,1510,12693
2026-02-20,Nocturna,Provincia,11,6803,12693
2026-02-20,Nocturna,Provincia,12,6113,12693
2026-02-20,Nocturna,Provincia,13,9237,12693
2026-02-20,Nocturna,Provincia,14,1168,12693
2026-02-20,Nocturna,Provincia,15,0031,12693
2026-02-20,Nocturna,Provincia,16,4574,12693
2026-02-20,Nocturna,Provincia,17,7610,12693
2026-02-20,Nocturna,Provincia,18,8958,12693
2026-02-20,Nocturna,Provincia,19,6361,12693
2026-02-20,Nocturna,Provincia,20,5145,12693
2026-02-21,Nocturna,Provincia,1,6643,12694
2026-02-21,Nocturna,Provincia,2,5288,12694
2026-02-21,Nocturna,Provincia,3,0189,12694
2026-02-21,Nocturna,Provincia,4,1430,12694
2026-02-21,Nocturna,Provincia,5,6802,12694
2026-02-21,Nocturna,Provincia,6,0375,12694
2026-02-21,Nocturna,Provincia,7,1204,12694
2026-02-21,Nocturna,Provincia,8,4783,12694
2026-02-21,Nocturna,Provincia,9,6593,12694
2026-02-21,Nocturna,Provincia,10,1691,12694
2026-02-21,Nocturna,Provincia,11,4641,12694
2026-02-21,Nocturna,Provincia,12,4415,12694
2026-02-21,Nocturna,Provincia,13,5327,12694
2026-02-21,Nocturna,Provincia,14,6562,12694
2026-02-21,Nocturna,Provincia,15,6967,12694
2026-02-21,Nocturna,Provincia,16,6131,12694
2026-02-21,Nocturna,Provincia,17,1641,12694
2026-02-21,Nocturna,Provincia,18,1072,12694
2026-02-21,Nocturna,Provincia,19,1255,12694
2026-02-21,Nocturna,Provincia,20,3536,12694
2026-02-23,Nocturna,Provincia,1,3355,12695
2026-02-23,Nocturna,Provincia,2,3305,12695
2026-02-23,Nocturna,Provincia,3,7558,12695
2026-02-23,Nocturna,Provincia,4,0917,12695
2026-02-23,Nocturna,Provincia,5,6376,12695
2026-02-23,Nocturna,Provincia,6,1169,12695
2026-02-23,Nocturna,Provincia,7,9283,12695
2026-02-23,Nocturna,Provincia,8,0881,12695
2026-02-23,Nocturna,Provincia,9,6831,12695
2026-02-23,Nocturna,Provincia,10,7010,12695
2026-02-23,Nocturna,Provincia,11,8202,12695
2026-02-23,Nocturna,Provincia,12,0985,12695
2026-02-23,Nocturna,Provincia,13,8296,12695
2026-02-23,Nocturna,Provincia,14,6002,12695
2026-02-23,Nocturna,Provincia,15,2815,12695
2026-02-23,Nocturna,Provincia,16,3152,12695
2026-02-23,Nocturna,Provincia,17,0188,12695
2026-02-23,Nocturna,Provincia,18,7854,12695
2026-02-23,Nocturna,Provincia,19,4430,12695
2026-02-23,Nocturna,Provincia,20,9947,12695
2026-02-24,Nocturna,Provincia,1,4142,12696
2026-02-24,Nocturna,Provincia,2,0692,12696
2026-02-24,Nocturna,Provincia,3,8759,12696
2026-02-24,Nocturna,Provincia,4,0859,12696
2026-02-24,Nocturna,Provincia,5,6213,12696
2026-02-24,Nocturna,Provincia,6,3426,12696
2026-02-24,Nocturna,Provincia,7,2015,12696
2026-02-24,Nocturna,Provincia,8,0890,12696
2026-02-24,Nocturna,Provincia,9,4724,12696
2026-02-24,Nocturna,Provincia,10,5974,12696
2026-02-24,Nocturna,Provincia,11,4194,12696
2026-02-24,Nocturna,Provincia,12,2943,12696
2026-02-24,Nocturna,Provincia,13,1183,12696
2026-02-24,Nocturna,Provincia,14,7063,12696
2026-02-24,Nocturna,Provincia,15,4980,12696
2026-02-24,Nocturna,Provincia,16,2366,12696
2026-02-24,Nocturna,Provincia,17,3758,12696
2026-02-24,Nocturna,Provincia,18,1674,12696
2026-02-24,Nocturna,Provincia,19,4307,12696
2026-02-24,Nocturna,Provincia,20,2833,12696
2026-02-25,Nocturna,Provincia,1,2608,12697
2026-02-25,Nocturna,Provincia,2,7123,12697
2026-02-25,Nocturna,Provincia,3,9609,12697
2026-02-25,Nocturna,Provincia,4,0900,12697
2026-02-25,Nocturna,Provincia,5,7589,12697
2026-02-25,Nocturna,Provincia,6,1910,12697
2026-02-25,Nocturna,Provincia,7,7823,12697
2026-02-25,Nocturna,Provincia,8,5750,12697
2026-02-25,Nocturna,Provincia,9,7776,12697
2026-02-25,Nocturna,Provincia,10,8172,12697
2026-02-25,Nocturna,Provincia,11,4609,12697
2026-02-25,Nocturna,Provincia,12,8712,12697
2026-02-25,Nocturna,Provincia,13,9520,12697
2026-02-25,Nocturna,Provincia,14,5299,12697
2026-02-25,Nocturna,Provincia,15,3429,12697
2026-02-25,Nocturna,Provincia,16,9490,12697
2026-02-25,Nocturna,Provincia,17,7109,12697
2026-02-25,Nocturna,Provincia,18,3383,12697
2026-02-25,Nocturna,Provincia,19,5888,12697
2026-02-25,Nocturna,Provincia,20,7794,12697
2026-02-26,Nocturna,Provincia,1,2337,12698
2026-02-26,Nocturna,Provincia,2,9035,12698
2026-02-26,Nocturna,Provincia,3,8027,12698
2026-02-26,Nocturna,Provincia,4,2125,12698
2026-02-26,Nocturna,Provincia,5,4944,12698
2026-02-26,Nocturna,Provincia,6,4330,12698
2026-02-26,Nocturna,Provincia,7,0392,12698
2026-02-26,Nocturna,Provincia,8,7665,12698
2026-02-26,Nocturna,Provincia,9,0990,12698
2026-02-26,Nocturna,Provincia,10,6567,12698
2026-02-26,Nocturna,Provincia,11,7182,12698
2026-02-26,Nocturna,Provincia,12,0693,12698
2026-02-26,Nocturna,Provincia,13,1488,12698
2026-02-26,Nocturna,Provincia,14,0391,12698
2026-02-26,Nocturna,Provincia,15,9393,12698
2026-02-26,Nocturna,Provincia,16,8943,12698
2026-02-26,Nocturna,Provincia,17,0631,12698
2026-02-26,Nocturna,Provincia,18,4620,12698
2026-02-26,Nocturna,Provincia,19,7690,12698
2026-02-26,Nocturna,Provincia,20,7439,12698
2026-02-27,Nocturna,Provincia,1,2450,12699
2026-02-27,Nocturna,Provincia,2,6519,12699
2026-02-27,Nocturna,Provincia,3,2471,12699
2026-02-27,Nocturna,Provincia,4,7148,12699
2026-02-27,Nocturna,Provincia,5,7035,12699
2026-02-27,Nocturna,Provincia,6,7116,12699
2026-02-27,Nocturna,Provincia,7,0779,12699
2026-02-27,Nocturna,Provincia,8,5810,12699
2026-02-27,Nocturna,Provincia,9,7363,12699
2026-02-27,Nocturna,Provincia,10,4743,12699
2026-02-27,Nocturna,Provincia,11,9410,12699
2026-02-27,Nocturna,Provincia,12,4400,12699
2026-02-27,Nocturna,Provincia,13,8288,12699
2026-02-27,Nocturna,Provincia,14,0896,12699
2026-02-27,Nocturna,Provincia,15,8557,12699
2026-02-27,Nocturna,Provincia,16,1918,12699
2026-02-27,Nocturna,Provincia,17,3729,12699
2026-02-27,Nocturna,Provincia,18,7433,12699
2026-02-27,Nocturna,Provincia,19,3799,12699
2026-02-27,Nocturna,Provincia,20,8286,12699
2026-02-28,Nocturna,Provincia,1,9779,12700
2026-02-28,Nocturna,Provincia,2,2609,12700
2026-02-28,Nocturna,Provincia,3,5048,12700
2026-02-28,Nocturna,Provincia,4,2962,12700
2026-02-28,Nocturna,Provincia,5,4321,12700
2026-02-28,Nocturna,Provincia,6,0649,12700
2026-02-28,Nocturna,Provincia,7,7948,12700
2026-02-28,Nocturna,Provincia,8,3143,12700
2026-02-28,Nocturna,Provincia,9,3037,12700
2026-02-28,Nocturna,Provincia,10,7554,12700
2026-02-28,Nocturna,Provincia,11,2965,12700
2026-02-28,Nocturna,Provincia,12,4311,12700
2026-02-28,Nocturna,Provincia,13,6337,12700
2026-02-28,Nocturna,Provincia,14,4410,12700
2026-02-28,Nocturna,Provincia,15,6803,12700
2026-02-28,Nocturna,Provincia,16,0728,12700
2026-02-28,Nocturna,Provincia,17,9584,12700
2026-02-28,Nocturna,Provincia,18,9990,12700
2026-02-28,Nocturna,Provincia,19,0611,12700
2026-02-28,Nocturna,Provincia,20,2374,12700
2026-03-02,Nocturna,Provincia,1,4632,12701
2026-03-02,Nocturna,Provincia,2,8617,12701
2026-03-02,Nocturna,Provincia,3,5509,12701
2026-03-02,Nocturna,Provincia,4,1153,12701
2026-03-02,Nocturna,Provincia,5,8616,12701
2026-03-02,Nocturna,Provincia,6,6960,12701
2026-03-02,Nocturna,Provincia,7,0559,12701
2026-03-02,Nocturna,Provincia,8,7571,12701
2026-03-02,Nocturna,Provincia,9,0810,12701
2026-03-02,Nocturna,Provincia,10,3083,12701
2026-03-02,Nocturna,Provincia,11,8428,12701
2026-03-02,Nocturna,Provincia,12,9041,12701
2026-03-02,Nocturna,Provincia,13,2667,12701
2026-03-02,Nocturna,Provincia,14,0629,12701
2026-03-02,Nocturna,Provincia,15,3012,12701
2026-03-02,Nocturna,Provincia,16,2841,12701
2026-03-02,Nocturna,Provincia,17,6416,12701
2026-03-02,Nocturna,Provincia,18,3965,12701
2026-03-02,Nocturna,Provincia,19,6521,12701
2026-03-02,Nocturna,Provincia,20,7129,12701
2026-03-03,Nocturna,Provincia,1,6091,12702
2026-03-03,Nocturna,Provincia,2,0003,12702
2026-03-03,Nocturna,Provincia,3,4142,12702
2026-03-03,Nocturna,Provincia,4,5698,12702
2026-03-03,Nocturna,Provincia,5,7104,12702
2026-03-03,Nocturna,Provincia,6,7639,12702
2026-03-03,Nocturna,Provincia,7,7419,12702
2026-03-03,Nocturna,Provincia,8,3337,12702
2026-03-03,Nocturna,Provincia,9,7398,12702
2026-03-03,Nocturna,Provincia,10,5250,12702
2026-03-03,Nocturna,Provincia,11,0195,12702
2026-03-03,Nocturna,Provincia,12,5822,12702
2026-03-03,Nocturna,Provincia,13,7709,12702
2026-03-03,Nocturna,Provincia,14,7538,12702
2026-03-03,Nocturna,Provincia,15,8755,12702
2026-03-03,Nocturna,Provincia,16,5590,12702
2026-03-03,Nocturna,Provincia,17,2699,12702
2026-03-03,Nocturna,Provincia,18,2961,12702
2026-03-03,Nocturna,Provincia,19,8715,12702
2026-03-03,Nocturna,Provincia,20,8747,12702
2026-03-04,Nocturna,Provincia,1,7242,12703
2026-03-04,Nocturna,Provincia,2,1150,12703
2026-03-04,Nocturna,Provincia,3,8301,12703
2026-03-04,Nocturna,Provincia,4,0161,12703
2026-03-04,Nocturna,Provincia,5,2797,12703
2026-03-04,Nocturna,Provincia,6,4644,12703
2026-03-04,Nocturna,Provincia,7,1187,12703
2026-03-04,Nocturna,Provincia,8,1831,12703
2026-03-04,Nocturna,Provincia,9,5891,12703
2026-03-04,Nocturna,Provincia,10,1975,12703
2026-03-04,Nocturna,Provincia,11,0475,12703
2026-03-04,Nocturna,Provincia,12,7574,12703
2026-03-04,Nocturna,Provincia,13,3162,12703
2026-03-04,Nocturna,Provincia,14,0015,12703
2026-03-04,Nocturna,Provincia,15,8597,12703
2026-03-04,Nocturna,Provincia,16,5336,12703
2026-03-04,Nocturna,Provincia,17,2754,12703
2026-03-04,Nocturna,Provincia,18,9699,12703
2026-03-04,Nocturna,Provincia,19,7704,12703
2026-03-04,Nocturna,Provincia,20,5345,12703
2026-03-05,Nocturna,Provincia,1,4747,12704
2026-03-05,Nocturna,Provincia,2,3342,12704
2026-03-05,Nocturna,Provincia,3,4624,12704
2026-03-05,Nocturna,Provincia,4,5749,12704
2026-03-05,Nocturna,Provincia,5,2247,12704
2026-03-05,Nocturna,Provincia,6,7308,12704
2026-03-05,Nocturna,Provincia,7,4287,12704
2026-03-05,Nocturna,Provincia,8,4805,12704
2026-03-05,Nocturna,Provincia,9,7625,12704
2026-03-05,Nocturna,Provincia,10,5432,12704
2026-03-05,Nocturna,Provincia,11,1772,12704
2026-03-05,Nocturna,Provincia,12,5553,12704
2026-03-05,Nocturna,Provincia,13,3024,12704
2026-03-05,Nocturna,Provincia,14,7555,12704
2026-03-05,Nocturna,Provincia,15,0954,12704
2026-03-05,Nocturna,Provincia,16,5126,12704
2026-03-05,Nocturna,Provincia,17,5318,12704
2026-03-05,Nocturna,Provincia,18,5813,12704
2026-03-05,Nocturna,Provincia,19,4419,12704
2026-03-05,Nocturna,Provincia,20,1374,12704
2026-03-06,Nocturna,Provincia,1,9945,12705
2026-03-06,Nocturna,Provincia,2,9816,12705
2026-03-06,Nocturna,Provincia,3,4428,12705
2026-03-06,Nocturna,Provincia,4,0745,12705
2026-03-06,Nocturna,Provincia,5,0298,12705
2026-03-06,Nocturna,Provincia,6,7849,12705
2026-03-06,Nocturna,Provincia,7,7127,12705
2026-03-06,Nocturna,Provincia,8,7224,12705
2026-03-06,Nocturna,Provincia,9,2581,12705
2026-03-06,Nocturna,Provincia,10,1929,12705
2026-03-06,Nocturna,Provincia,11,1422,12705
2026-03-06,Nocturna,Provincia,12,2757,12705
2026-03-06,Nocturna,Provincia,13,1935,12705
2026-03-06,Nocturna,Provincia,14,6079,12705
2026-03-06,Nocturna,Provincia,15,5202,12705
2026-03-06,Nocturna,Provincia,16,1047,12705
2026-03-06,Nocturna,Provincia,17,0228,12705
2026-03-06,Nocturna,Provincia,18,7523,12705
2026-03-06,Nocturna,Provincia,19,8751,12705
2026-03-06,Nocturna,Provincia,20,5313,12705
2026-03-07,Nocturna,Provincia,1,8077,12706
2026-03-07,Nocturna,Provincia,2,4769,12706
2026-03-07,Nocturna,Provincia,3,9656,12706
2026-03-07,Nocturna,Provincia,4,7284,12706
2026-03-07,Nocturna,Provincia,5,3441,12706
2026-03-07,Nocturna,Provincia,6,2107,12706
2026-03-07,Nocturna,Provincia,7,8172,12706
2026-03-07,Nocturna,Provincia,8,3431,12706
2026-03-07,Nocturna,Provincia,9,3860,12706
2026-03-07,Nocturna,Provincia,10,8586,12706
2026-03-07,Nocturna,Provincia,11,0135,12706
2026-03-07,Nocturna,Provincia,12,3098,12706
2026-03-07,Nocturna,Provincia,13,1043,12706
2026-03-07,Nocturna,Provincia,14,5818,12706
2026-03-07,Nocturna,Provincia,15,8784,12706
2026-03-07,Nocturna,Provincia,16,2319,12706
2026-03-07,Nocturna,Provincia,17,0101,12706
2026-03-07,Nocturna,Provincia,18,7518,12706
2026-03-07,Nocturna,Provincia,19,4781,12706
2026-03-07,Nocturna,Provincia,20,0299,12706
2026-03-09,Nocturna,Provincia,1,9010,12707
2026-03-09,Nocturna,Provincia,2,6359,12707
2026-03-09,Nocturna,Provincia,3,7399,12707
2026-03-09,Nocturna,Provincia,4,8130,12707
2026-03-09,Nocturna,Provincia,5,4546,12707
2026-03-09,Nocturna,Provincia,6,4402,12707
2026-03-09,Nocturna,Provincia,7,4921,12707
2026-03-09,Nocturna,Provincia,8,2319,12707
2026-03-09,Nocturna,Provincia,9,8442,12707
2026-03-09,Nocturna,Provincia,10,6533,12707
2026-03-09,Nocturna,Provincia,11,7395,12707
2026-03-09,Nocturna,Provincia,12,7867,12707
2026-03-09,Nocturna,Provincia,13,0524,12707
2026-03-09,Nocturna,Provincia,14,4106,12707
2026-03-09,Nocturna,Provincia,15,0015,12707
2026-03-09,Nocturna,Provincia,16,5776,12707
2026-03-09,Nocturna,Provincia,17,3518,12707
2026-03-09,Nocturna,Provincia,18,1714,12707
2026-03-09,Nocturna,Provincia,19,3994,12707
2026-03-09,Nocturna,Provincia,20,8913,12707
2026-03-10,Nocturna,Provincia,1,5554,12708
2026-03-10,Nocturna,Provincia,2,1561,12708
2026-03-10,Nocturna,Provincia,3,3718,12708
2026-03-10,Nocturna,Provincia,4,1246,12708
2026-03-10,Nocturna,Provincia,5,4408,12708
2026-03-10,Nocturna,Provincia,6,5915,12708
2026-03-10,Nocturna,Provincia,7,0028,12708
2026-03-10,Nocturna,Provincia,8,7526,12708
2026-03-10,Nocturna,Provincia,9,3751,12708
2026-03-10,Nocturna,Provincia,10,3459,12708
2026-03-10,Nocturna,Provincia,11,9882,12708
2026-03-10,Nocturna,Provincia,12,5143,12708
2026-03-10,Nocturna,Provincia,13,7066,12708
2026-03-10,Nocturna,Provincia,14,7684,12708
2026-03-10,Nocturna,Provincia,15,4696,12708
2026-03-10,Nocturna,Provincia,16,5234,12708
2026-03-10,Nocturna,Provincia,17,8309,12708
2026-03-10,Nocturna,Provincia,18,8490,12708
2026-03-10,Nocturna,Provincia,19,2126,12708
2026-03-10,Nocturna,Provincia,20,1087,12708
2026-03-11,Nocturna,Provincia,1,5136,12709
2026-03-11,Nocturna,Provincia,2,2177,12709
2026-03-11,Nocturna,Provincia,3,9459,12709
2026-03-11,Nocturna,Provincia,4,0412,12709
2026-03-11,Nocturna,Provincia,5,4090,12709
2026-03-11,Nocturna,Provincia,6,5172,12709
2026-03-11,Nocturna,Provincia,7,6588,12709
2026-03-11,Nocturna,Provincia,8,2438,12709
2026-03-11,Nocturna,Provincia,9,3831,12709
2026-03-11,Nocturna,Provincia,10,3659,12709
2026-03-11,Nocturna,Provincia,11,9095,12709
2026-03-11,Nocturna,Provincia,12,9402,12709
2026-03-11,Nocturna,Provincia,13,9338,12709
2026-03-11,Nocturna,Provincia,14,2145,12709
2026-03-11,Nocturna,Provincia,15,0543,12709
2026-03-11,Nocturna,Provincia,16,5266,12709
2026-03-11,Nocturna,Provincia,17,5699,12709
2026-03-11,Nocturna,Provincia,18,3638,12709
2026-03-11,Nocturna,Provincia,19,2972,12709
2026-03-11,Nocturna,Provincia,20,0120,12709
2026-03-12,Nocturna,Provincia,1,0246,12710
2026-03-12,Nocturna,Provincia,2,7692,12710
2026-03-12,Nocturna,Provincia,3,8755,12710
2026-03-12,Nocturna,Provincia,4,8531,12710
2026-03-12,Nocturna,Provincia,5,6926,12710
2026-03-12,Nocturna,Provincia,6,1335,12710
2026-03-12,Nocturna,Provincia,7,6602,12710
2026-03-12,Nocturna,Provincia,8,8000,12710
2026-03-12,Nocturna,Provincia,9,4835,12710
2026-03-12,Nocturna,Provincia,10,5936,12710
2026-03-12,Nocturna,Provincia,11,6046,12710
2026-03-12,Nocturna,Provincia,12,1185,12710
2026-03-12,Nocturna,Provincia,13,0902,12710
2026-03-12,Nocturna,Provincia,14,6646,12710
2026-03-12,Nocturna,Provincia,15,1446,12710
2026-03-12,Nocturna,Provincia,16,9038,12710
2026-03-12,Nocturna,Provincia,17,8661,12710
2026-03-12,Nocturna,Provincia,18,7969,12710
2026-03-12,Nocturna,Provincia,19,6363,12710
2026-03-12,Nocturna,Provincia,20,5952,12710
2026-03-13,Nocturna,Provincia,1,7215,12711
2026-03-13,Nocturna,Provincia,2,9948,12711
2026-03-13,Nocturna,Provincia,3,9787,12711
2026-03-13,Nocturna,Provincia,4,9785,12711
2026-03-13,Nocturna,Provincia,5,4897,12711
2026-03-13,Nocturna,Provincia,6,0480,12711
2026-03-13,Nocturna,Provincia,7,6936,12711
2026-03-13,Nocturna,Provincia,8,2435,12711
2026-03-13,Nocturna,Provincia,9,5045,12711
2026-03-13,Nocturna,Provincia,10,8042,12711
2026-03-13,Nocturna,Provincia,11,6782,12711
2026-03-13,Nocturna,Provincia,12,0402,12711
2026-03-13,Nocturna,Provincia,13,1109,12711
2026-03-13,Nocturna,Provincia,14,6911,12711
2026-03-13,Nocturna,Provincia,15,5582,12711
2026-03-13,Nocturna,Provincia,16,2254,12711
2026-03-13,Nocturna,Provincia,17,8796,12711
2026-03-13,Nocturna,Provincia,18,5063,12711
2026-03-13,Nocturna,Provincia,19,1414,12711
2026-03-13,Nocturna,Provincia,20,3274,12711
2026-03-14,Nocturna,Provincia,1,4876,12712
2026-03-14,Nocturna,Provincia,2,2478,12712
2026-03-14,Nocturna,Provincia,3,3193,12712
2026-03-14,Nocturna,Provincia,4,2598,12712
2026-03-14,Nocturna,Provincia,5,5638,12712
2026-03-14,Nocturna,Provincia,6,1189,12712
2026-03-14,Nocturna,Provincia,7,7472,12712
2026-03-14,Nocturna,Provincia,8,8616,12712
2026-03-14,Nocturna,Provincia,9,7803,12712
2026-03-14,Nocturna,Provincia,10,6743,12712
2026-03-14,Nocturna,Provincia,11,7674,12712
2026-03-14,Nocturna,Provincia,12,4389,12712
2026-03-14,Nocturna,Provincia,13,9273,12712
2026-03-14,Nocturna,Provincia,14,7385,12712
2026-03-14,Nocturna,Provincia,15,5045,12712
2026-03-14,Nocturna,Provincia,16,5892,12712
2026-03-14,Nocturna,Provincia,17,8393,12712
2026-03-14,Nocturna,Provincia,18,5359,12712
2026-03-14,Nocturna,Provincia,19,5172,12712
2026-03-14,Nocturna,Provincia,20,5785,12712
2026-03-16,Nocturna,Provincia,1,7878,12713
2026-03-16,Nocturna,Provincia,2,3634,12713
2026-03-16,Nocturna,Provincia,3,4352,12713
2026-03-16,Nocturna,Provincia,4,5327,12713
2026-03-16,Nocturna,Provincia,5,3691,12713
2026-03-16,Nocturna,Provincia,6,0240,12713
2026-03-16,Nocturna,Provincia,7,5273,12713
2026-03-16,Nocturna,Provincia,8,6005,12713
2026-03-16,Nocturna,Provincia,9,9897,12713
2026-03-16,Nocturna,Provincia,10,8932,12713
2026-03-16,Nocturna,Provincia,11,0574,12713
2026-03-16,Nocturna,Provincia,12,1583,12713
2026-03-16,Nocturna,Provincia,13,0386,12713
2026-03-16,Nocturna,Provincia,14,9611,12713
2026-03-16,Nocturna,Provincia,15,6340,12713
2026-03-16,Nocturna,Provincia,16,3599,12713
2026-03-16,Nocturna,Provincia,17,6267,12713
2026-03-16,Nocturna,Provincia,18,4984,12713
2026-03-16,Nocturna,Provincia,19,2642,12713
2026-03-16,Nocturna,Provincia,20,5762,12713
2026-03-17,Nocturna,Provincia,1,0445,12714
2026-03-17,Nocturna,Provincia,2,7380,12714
2026-03-17,Nocturna,Provincia,3,3786,12714
2026-03-17,Nocturna,Provincia,4,1593,12714
2026-03-17,Nocturna,Provincia,5,5005,12714
2026-03-17,Nocturna,Provincia,6,4033,12714
2026-03-17,Nocturna,Provincia,7,0896,12714
2026-03-17,Nocturna,Provincia,8,3142,12714
2026-03-17,Nocturna,Provincia,9,2526,12714
2026-03-17,Nocturna,Provincia,10,8629,12714
2026-03-17,Nocturna,Provincia,11,3744,12714
2026-03-17,Nocturna,Provincia,12,2858,12714
2026-03-17,Nocturna,Provincia,13,2279,12714
2026-03-17,Nocturna,Provincia,14,6608,12714
2026-03-17,Nocturna,Provincia,15,9168,12714
2026-03-17,Nocturna,Provincia,16,5982,12714
2026-03-17,Nocturna,Provincia,17,5062,12714
2026-03-17,Nocturna,Provincia,18,9615,12714
2026-03-17,Nocturna,Provincia,19,7580,12714
2026-03-17,Nocturna,Provincia,20,9299,12714
2026-03-18,Nocturna,Provincia,1,2376,12715
2026-03-18,Nocturna,Provincia,2,8247,12715
2026-03-18,Nocturna,Provincia,3,6772,12715
2026-03-18,Nocturna,Provincia,4,9419,12715
2026-03-18,Nocturna,Provincia,5,9155,12715
2026-03-18,Nocturna,Provincia,6,4438,12715
2026-03-18,Nocturna,Provincia,7,9406,12715
2026-03-18,Nocturna,Provincia,8,0800,12715
2026-03-18,Nocturna,Provincia,9,7435,12715
2026-03-18,Nocturna,Provincia,10,7296,12715
2026-03-18,Nocturna,Provincia,11,2378,12715
2026-03-18,Nocturna,Provincia,12,0741,12715
2026-03-18,Nocturna,Provincia,13,2496,12715
2026-03-18,Nocturna,Provincia,14,0745,12715
2026-03-18,Nocturna,Provincia,15,9505,12715
2026-03-18,Nocturna,Provincia,16,6464,12715
2026-03-18,Nocturna,Provincia,17,7821,12715
2026-03-18,Nocturna,Provincia,18,9161,12715
2026-03-18,Nocturna,Provincia,19,3996,12715
2026-03-18,Nocturna,Provincia,20,2163,12715
2026-03-19,Nocturna,Provincia,1,3375,12716
2026-03-19,Nocturna,Provincia,2,8831,12716
2026-03-19,Nocturna,Provincia,3,1373,12716
2026-03-19,Nocturna,Provincia,4,2930,12716
2026-03-19,Nocturna,Provincia,5,6333,12716
2026-03-19,Nocturna,Provincia,6,7947,12716
2026-03-19,Nocturna,Provincia,7,1057,12716
2026-03-19,Nocturna,Provincia,8,4775,12716
2026-03-19,Nocturna,Provincia,9,7306,12716
2026-03-19,Nocturna,Provincia,10,9151,12716
2026-03-19,Nocturna,Provincia,11,1693,12716
2026-03-19,Nocturna,Provincia,12,7633,12716
2026-03-19,Nocturna,Provincia,13,4691,12716
2026-03-19,Nocturna,Provincia,14,7594,12716
2026-03-19,Nocturna,Provincia,15,4545,12716
2026-03-19,Nocturna,Provincia,16,4639,12716
2026-03-19,Nocturna,Provincia,17,7087,12716
2026-03-19,Nocturna,Provincia,18,2738,12716
2026-03-19,Nocturna,Provincia,19,7191,12716
2026-03-19,Nocturna,Provincia,20,7567,12716
2026-03-20,Nocturna,Provincia,1,0131,12717
2026-03-20,Nocturna,Provincia,2,2864,12717
2026-03-20,Nocturna,Provincia,3,2953,12717
2026-03-20,Nocturna,Provincia,4,7637,12717
2026-03-20,Nocturna,Provincia,5,1835,12717
2026-03-20,Nocturna,Provincia,6,1137,12717
2026-03-20,Nocturna,Provincia,7,6000,12717
2026-03-20,Nocturna,Provincia,8,1897,12717
2026-03-20,Nocturna,Provincia,9,6072,12717
2026-03-20,Nocturna,Provincia,10,6197,12717
2026-03-20,Nocturna,Provincia,11,5457,12717
2026-03-20,Nocturna,Provincia,12,6391,12717
2026-03-20,Nocturna,Provincia,13,3498,12717
2026-03-20,Nocturna,Provincia,14,1778,12717
2026-03-20,Nocturna,Provincia,15,7184,12717
2026-03-20,Nocturna,Provincia,16,4790,12717
2026-03-20,Nocturna,Provincia,17,7530,12717
2026-03-20,Nocturna,Provincia,18,0863,12717
2026-03-20,Nocturna,Provincia,19,2331,12717
2026-03-20,Nocturna,Provincia,20,4405,12717
2026-03-21,Nocturna,Provincia,1,8105,12718
2026-03-21,Nocturna,Provincia,2,9371,12718
2026-03-21,Nocturna,Provincia,3,4681,12718
2026-03-21,Nocturna,Provincia,4,7615,12718
2026-03-21,Nocturna,Provincia,5,6027,12718
2026-03-21,Nocturna,Provincia,6,7807,12718
2026-03-21,Nocturna,Provincia,7,3399,12718
2026-03-21,Nocturna,Provincia,8,8276,12718
2026-03-21,Nocturna,Provincia,9,4856,12718
2026-03-21,Nocturna,Provincia,10,4037,12718
2026-03-21,Nocturna,Provincia,11,3427,12718
2026-03-21,Nocturna,Provincia,12,7168,12718
2026-03-21,Nocturna,Provincia,13,2783,12718
2026-03-21,Nocturna,Provincia,14,9790,12718
2026-03-21,Nocturna,Provincia,15,7894,12718
2026-03-21,Nocturna,Provincia,16,3584,12718
2026-03-21,Nocturna,Provincia,17,4180,12718
2026-03-21,Nocturna,Provincia,18,5865,12718
2026-03-21,Nocturna,Provincia,19,6574,12718
2026-03-21,Nocturna,Provincia,20,6215,12718
2026-03-23,Nocturna,Provincia,1,6279,12719
2026-03-23,Nocturna,Provincia,2,4433,12719
2026-03-23,Nocturna,Provincia,3,2447,12719
2026-03-23,Nocturna,Provincia,4,2290,12719
2026-03-23,Nocturna,Provincia,5,2883,12719
2026-03-23,Nocturna,Provincia,6,5577,12719
2026-03-23,Nocturna,Provincia,7,6110,12719
2026-03-23,Nocturna,Provincia,8,4179,12719
2026-03-23,Nocturna,Provincia,9,1185,12719
2026-03-23,Nocturna,Provincia,10,8731,12719
2026-03-23,Nocturna,Provincia,11,8562,12719
2026-03-23,Nocturna,Provincia,12,5388,12719
2026-03-23,Nocturna,Provincia,13,0105,12719
2026-03-23,Nocturna,Provincia,14,4100,12719
2026-03-23,Nocturna,Provincia,15,0312,12719
2026-03-23,Nocturna,Provincia,16,5516,12719
2026-03-23,Nocturna,Provincia,17,7537,12719
2026-03-23,Nocturna,Provincia,18,9597,12719
2026-03-23,Nocturna,Provincia,19,6425,12719
2026-03-23,Nocturna,Provincia,20,8450,12719
2026-03-25,Nocturna,Provincia,1,9325,12720
2026-03-25,Nocturna,Provincia,2,9549,12720
2026-03-25,Nocturna,Provincia,3,1122,12720
2026-03-25,Nocturna,Provincia,4,3473,12720
2026-03-25,Nocturna,Provincia,5,2106,12720
2026-03-25,Nocturna,Provincia,6,8627,12720
2026-03-25,Nocturna,Provincia,7,6505,12720
2026-03-25,Nocturna,Provincia,8,9182,12720
2026-03-25,Nocturna,Provincia,9,8775,12720
2026-03-25,Nocturna,Provincia,10,8541,12720
2026-03-25,Nocturna,Provincia,11,7068,12720
2026-03-25,Nocturna,Provincia,12,2517,12720
2026-03-25,Nocturna,Provincia,13,0952,12720
2026-03-25,Nocturna,Provincia,14,1996,12720
2026-03-25,Nocturna,Provincia,15,6632,12720
2026-03-25,Nocturna,Provincia,16,8771,12720
2026-03-25,Nocturna,Provincia,17,1281,12720
2026-03-25,Nocturna,Provincia,18,8451,12720
2026-03-25,Nocturna,Provincia,19,8313,12720
2026-03-25,Nocturna,Provincia,20,2861,12720
2026-03-26,Nocturna,Provincia,1,8084,12721
2026-03-26,Nocturna,Provincia,2,7291,12721
2026-03-26,Nocturna,Provincia,3,3865,12721
2026-03-26,Nocturna,Provincia,4,3343,12721
2026-03-26,Nocturna,Provincia,5,4852,12721
2026-03-26,Nocturna,Provincia,6,6311,12721
2026-03-26,Nocturna,Provincia,7,5388,12721
2026-03-26,Nocturna,Provincia,8,2432,12721
2026-03-26,Nocturna,Provincia,9,8555,12721
2026-03-26,Nocturna,Provincia,10,7382,12721
2026-03-26,Nocturna,Provincia,11,5183,12721
2026-03-26,Nocturna,Provincia,12,4947,12721
2026-03-26,Nocturna,Provincia,13,7178,12721
2026-03-26,Nocturna,Provincia,14,2181,12721
2026-03-26,Nocturna,Provincia,15,4402,12721
2026-03-26,Nocturna,Provincia,16,5333,12721
2026-03-26,Nocturna,Provincia,17,0332,12721
2026-03-26,Nocturna,Provincia,18,2370,12721
2026-03-26,Nocturna,Provincia,19,7691,12721
2026-03-26,Nocturna,Provincia,20,7041,12721
2026-03-27,Nocturna,Provincia,1,8988,12722
2026-03-27,Nocturna,Provincia,2,0767,12722
2026-03-27,Nocturna,Provincia,3,9297,12722
2026-03-27,Nocturna,Provincia,4,2470,12722
2026-03-27,Nocturna,Provincia,5,2577,12722
2026-03-27,Nocturna,Provincia,6,4134,12722
2026-03-27,Nocturna,Provincia,7,3747,12722
2026-03-27,Nocturna,Provincia,8,7746,12722
2026-03-27,Nocturna,Provincia,9,7464,12722
2026-03-27,Nocturna,Provincia,10,9130,12722
2026-03-27,Nocturna,Provincia,11,5245,12722
2026-03-27,Nocturna,Provincia,12,4222,12722
2026-03-27,Nocturna,Provincia,13,3189,12722
2026-03-27,Nocturna,Provincia,14,9689,12722
2026-03-27,Nocturna,Provincia,15,3435,12722
2026-03-27,Nocturna,Provincia,16,0826,12722
2026-03-27,Nocturna,Provincia,17,4697,12722
2026-03-27,Nocturna,Provincia,18,0992,12722
2026-03-27,Nocturna,Provincia,19,9942,12722
2026-03-27,Nocturna,Provincia,20,4499,12722
2026-03-28,Nocturna,Provincia,1,6839,12723
2026-03-28,Nocturna,Provincia,2,5961,12723
2026-03-28,Nocturna,Provincia,3,2575,12723
2026-03-28,Nocturna,Provincia,4,2364,12723
2026-03-28,Nocturna,Provincia,5,2844,12723
2026-03-28,Nocturna,Provincia,6,8913,12723
2026-03-28,Nocturna,Provincia,7,8307,12723
2026-03-28,Nocturna,Provincia,8,3920,12723
2026-03-28,Nocturna,Provincia,9,0810,12723
2026-03-28,Nocturna,Provincia,10,2880,12723
2026-03-28,Nocturna,Provincia,11,3516,12723
2026-03-28,Nocturna,Provincia,12,4489,12723
2026-03-28,Nocturna,Provincia,13,5730,12723
2026-03-28,Nocturna,Provincia,14,0411,12723
2026-03-28,Nocturna,Provincia,15,3855,12723
2026-03-28,Nocturna,Provincia,16,2185,12723
2026-03-28,Nocturna,Provincia,17,5152,12723
2026-03-28,Nocturna,Provincia,18,2461,12723
2026-03-28,Nocturna,Provincia,19,1848,12723
2026-03-28,Nocturna,Provincia,20,9045,12723
2026-03-30,Nocturna,Provincia,1,4929,12724
2026-03-30,Nocturna,Provincia,2,4459,12724
2026-03-30,Nocturna,Provincia,3,2548,12724
2026-03-30,Nocturna,Provincia,4,8899,12724
2026-03-30,Nocturna,Provincia,5,6575,12724
2026-03-30,Nocturna,Provincia,6,8788,12724
2026-03-30,Nocturna,Provincia,7,4325,12724
2026-03-30,Nocturna,Provincia,8,4388,12724
2026-03-30,Nocturna,Provincia,9,2016,12724
2026-03-30,Nocturna,Provincia,10,3619,12724
2026-03-30,Nocturna,Provincia,11,3816,12724
2026-03-30,Nocturna,Provincia,12,8873,12724
2026-03-30,Nocturna,Provincia,13,1660,12724
2026-03-30,Nocturna,Provincia,14,1661,12724
2026-03-30,Nocturna,Provincia,15,3002,12724
2026-03-30,Nocturna,Provincia,16,5280,12724
2026-03-30,Nocturna,Provincia,17,0810,12724
2026-03-30,Nocturna,Provincia,18,3133,12724
2026-03-30,Nocturna,Provincia,19,3558,12724
2026-03-30,Nocturna,Provincia,20,1519,12724
2026-03-31,Nocturna,Provincia,1,8049,12725
2026-03-31,Nocturna,Provincia,2,5733,12725
2026-03-31,Nocturna,Provincia,3,1918,12725
2026-03-31,Nocturna,Provincia,4,9031,12725
2026-03-31,Nocturna,Provincia,5,3080,12725
2026-03-31,Nocturna,Provincia,6,0153,12725
2026-03-31,Nocturna,Provincia,7,1050,12725
2026-03-31,Nocturna,Provincia,8,1584,12725
2026-03-31,Nocturna,Provincia,9,8900,12725
2026-03-31,Nocturna,Provincia,10,9480,12725
2026-03-31,Nocturna,Provincia,11,4414,12725
2026-03-31,Nocturna,Provincia,12,4673,12725
2026-03-31,Nocturna,Provincia,13,2140,12725
2026-03-31,Nocturna,Provincia,14,4885,12725
2026-03-31,Nocturna,Provincia,15,5042,12725
2026-03-31,Nocturna,Provincia,16,8765,12725
2026-03-31,Nocturna,Provincia,17,9284,12725
2026-03-31,Nocturna,Provincia,18,0536,12725
2026-03-31,Nocturna,Provincia,19,5586,12725
2026-03-31,Nocturna,Provincia,20,5623,12725
2026-04-01,Nocturna,Provincia,1,2697,12726
2026-04-01,Nocturna,Provincia,2,3998,12726
2026-04-01,Nocturna,Provincia,3,1515,12726
2026-04-01,Nocturna,Provincia,4,2004,12726
2026-04-01,Nocturna,Provincia,5,4875,12726
2026-04-01,Nocturna,Provincia,6,9283,12726
2026-04-01,Nocturna,Provincia,7,1516,12726
2026-04-01,Nocturna,Provincia,8,7836,12726
2026-04-01,Nocturna,Provincia,9,9511,12726
2026-04-01,Nocturna,Provincia,10,8523,12726
2026-04-01,Nocturna,Provincia,11,6701,12726
2026-04-01,Nocturna,Provincia,12,1201,12726
2026-04-01,Nocturna,Provincia,13,4752,12726
2026-04-01,Nocturna,Provincia,14,4445,12726
2026-04-01,Nocturna,Provincia,15,1193,12726
2026-04-01,Nocturna,Provincia,16,9609,12726
2026-04-01,Nocturna,Provincia,17,5089,12726
2026-04-01,Nocturna,Provincia,18,5453,12726
2026-04-01,Nocturna,Provincia,19,4778,12726
2026-04-01,Nocturna,Provincia,20,9731,12726
2026-04-04,Nocturna,Provincia,1,7259,12727
2026-04-04,Nocturna,Provincia,2,9512,12727
2026-04-04,Nocturna,Provincia,3,2763,12727
2026-04-04,Nocturna,Provincia,4,9516,12727
2026-04-04,Nocturna,Provincia,5,0047,12727
2026-04-04,Nocturna,Provincia,6,3002,12727
2026-04-04,Nocturna,Provincia,7,6872,12727
2026-04-04,Nocturna,Provincia,8,3462,12727
2026-04-04,Nocturna,Provincia,9,9229,12727
2026-04-04,Nocturna,Provincia,10,2006,12727
2026-04-04,Nocturna,Provincia,11,4058,12727
2026-04-04,Nocturna,Provincia,12,5434,12727
2026-04-04,Nocturna,Provincia,13,8539,12727
2026-04-04,Nocturna,Provincia,14,7486,12727
2026-04-04,Nocturna,Provincia,15,8918,12727
2026-04-04,Nocturna,Provincia,16,8747,12727
2026-04-04,Nocturna,Provincia,17,0326,12727
2026-04-04,Nocturna,Provincia,18,4969,12727
2026-04-04,Nocturna,Provincia,19,6325,12727
2026-04-04,Nocturna,Provincia,20,2776,12727
2026-04-06,Nocturna,Provincia,1,9875,12728
2026-04-06,Nocturna,Provincia,2,8268,12728
2026-04-06,Nocturna,Provincia,3,8057,12728
2026-04-06,Nocturna,Provincia,4,7574,12728
2026-04-06,Nocturna,Provincia,5,1202,12728
2026-04-06,Nocturna,Provincia,6,6284,12728
2026-04-06,Nocturna,Provincia,7,5643,12728
2026-04-06,Nocturna,Provincia,8,7364,12728
2026-04-06,Nocturna,Provincia,9,4185,12728
2026-04-06,Nocturna,Provincia,10,0953,12728
2026-04-06,Nocturna,Provincia,11,3547,12728
2026-04-06,Nocturna,Provincia,12,4285,12728
2026-04-06,Nocturna,Provincia,13,4933,12728
2026-04-06,Nocturna,Provincia,14,1152,12728
2026-04-06,Nocturna,Provincia,15,8805,12728
2026-04-06,Nocturna,Provincia,16,5947,12728
2026-04-06,Nocturna,Provincia,17,8211,12728
2026-04-06,Nocturna,Provincia,18,4335,12728
2026-04-06,Nocturna,Provincia,19,4873,12728
2026-04-06,Nocturna,Provincia,20,9158,12728
2026-04-07,Nocturna,Provincia,1,5093,12729
2026-04-07,Nocturna,Provincia,2,9583,12729
2026-04-07,Nocturna,Provincia,3,7135,12729
2026-04-07,Nocturna,Provincia,4,7800,12729
2026-04-07,Nocturna,Provincia,5,5632,12729
2026-04-07,Nocturna,Provincia,6,8908,12729
2026-04-07,Nocturna,Provincia,7,9420,12729
2026-04-07,Nocturna,Provincia,8,8123,12729
2026-04-07,Nocturna,Provincia,9,1796,12729
2026-04-07,Nocturna,Provincia,10,5069,12729
2026-04-07,Nocturna,Provincia,11,2540,12729
2026-04-07,Nocturna,Provincia,12,1849,12729
2026-04-07,Nocturna,Provincia,13,1658,12729
2026-04-07,Nocturna,Provincia,14,5231,12729
2026-04-07,Nocturna,Provincia,15,7468,12729
2026-04-07,Nocturna,Provincia,16,1956,12729
2026-04-07,Nocturna,Provincia,17,4688,12729
2026-04-07,Nocturna,Provincia,18,2670,12729
2026-04-07,Nocturna,Provincia,19,6700,12729
2026-04-07,Nocturna,Provincia,20,3944,12729
2026-04-08,Nocturna,Provincia,1,6757,12730
2026-04-08,Nocturna,Provincia,2,2909,12730
2026-04-08,Nocturna,Provincia,3,6042,12730
2026-04-08,Nocturna,Provincia,4,5079,12730
2026-04-08,Nocturna,Provincia,5,5935,12730
2026-04-08,Nocturna,Provincia,6,2779,12730
2026-04-08,Nocturna,Provincia,7,4363,12730
2026-04-08,Nocturna,Provincia,8,9844,12730
2026-04-08,Nocturna,Provincia,9,8766,12730
2026-04-08,Nocturna,Provincia,10,0896,12730
2026-04-08,Nocturna,Provincia,11,0726,12730
2026-04-08,Nocturna,Provincia,12,6380,12730
2026-04-08,Nocturna,Provincia,13,5940,12730
2026-04-08,Nocturna,Provincia,14,0854,12730
2026-04-08,Nocturna,Provincia,15,9742,12730
2026-04-08,Nocturna,Provincia,16,8491,12730
2026-04-08,Nocturna,Provincia,17,4681,12730
2026-04-08,Nocturna,Provincia,18,1003,12730
2026-04-08,Nocturna,Provincia,19,9536,12730
2026-04-08,Nocturna,Provincia,20,3436,12730
2026-04-09,Nocturna,Provincia,1,5101,12731
2026-04-09,Nocturna,Provincia,2,9445,12731
2026-04-09,Nocturna,Provincia,3,0350,12731
2026-04-09,Nocturna,Provincia,4,1439,12731
2026-04-09,Nocturna,Provincia,5,5463,12731
2026-04-09,Nocturna,Provincia,6,5830,12731
2026-04-09,Nocturna,Provincia,7,1805,12731
2026-04-09,Nocturna,Provincia,8,3758,12731
2026-04-09,Nocturna,Provincia,9,4134,12731
2026-04-09,Nocturna,Provincia,10,4310,12731
2026-04-09,Nocturna,Provincia,11,8429,12731
2026-04-09,Nocturna,Provincia,12,5961,12731
2026-04-09,Nocturna,Provincia,13,6271,12731
2026-04-09,Nocturna,Provincia,14,2913,12731
2026-04-09,Nocturna,Provincia,15,3293,12731
2026-04-09,Nocturna,Provincia,16,3718,12731
2026-04-09,Nocturna,Provincia,17,1631,12731
2026-04-09,Nocturna,Provincia,18,6702,12731
2026-04-09,Nocturna,Provincia,19,6870,12731
2026-04-09,Nocturna,Provincia,20,5596,12731
2026-04-10,Nocturna,Provincia,1,2288,12732
2026-04-10,Nocturna,Provincia,2,9910,12732
2026-04-10,Nocturna,Provincia,3,0759,12732
2026-04-10,Nocturna,Provincia,4,7378,12732
2026-04-10,Nocturna,Provincia,5,3921,12732
2026-04-10,Nocturna,Provincia,6,6074,12732
2026-04-10,Nocturna,Provincia,7,2560,12732
2026-04-10,Nocturna,Provincia,8,1908,12732
2026-04-10,Nocturna,Provincia,9,7884,12732
2026-04-10,Nocturna,Provincia,10,3979,12732
2026-04-10,Nocturna,Provincia,11,5480,12732
2026-04-10,Nocturna,Provincia,12,2266,12732
2026-04-10,Nocturna,Provincia,13,2906,12732
2026-04-10,Nocturna,Provincia,14,5151,12732
2026-04-10,Nocturna,Provincia,15,3267,12732
2026-04-10,Nocturna,Provincia,16,9139,12732
2026-04-10,Nocturna,Provincia,17,3817,12732
2026-04-10,Nocturna,Provincia,18,7040,12732
2026-04-10,Nocturna,Provincia,19,9782,12732
2026-04-10,Nocturna,Provincia,20,2351,12732
2026-04-11,Nocturna,Provincia,1,5201,12733
2026-04-11,Nocturna,Provincia,2,1103,12733
2026-04-11,Nocturna,Provincia,3,0648,12733
2026-04-11,Nocturna,Provincia,4,0392,12733
2026-04-11,Nocturna,Provincia,5,2879,12733
2026-04-11,Nocturna,Provincia,6,5042,12733
2026-04-11,Nocturna,Provincia,7,5829,12733
2026-04-11,Nocturna,Provincia,8,1125,12733
2026-04-11,Nocturna,Provincia,9,0309,12733
2026-04-11,Nocturna,Provincia,10,6047,12733
2026-04-11,Nocturna,Provincia,11,9242,12733
2026-04-11,Nocturna,Provincia,12,4861,12733
2026-04-11,Nocturna,Provincia,13,6873,12733
2026-04-11,Nocturna,Provincia,14,8656,12733
2026-04-11,Nocturna,Provincia,15,8135,12733
2026-04-11,Nocturna,Provincia,16,7023,12733
2026-04-11,Nocturna,Provincia,17,3311,12733
2026-04-11,Nocturna,Provincia,18,0886,12733
2026-04-11,Nocturna,Provincia,19,7563,12733
2026-04-11,Nocturna,Provincia,20,6461,12733
2026-04-13,Nocturna,Provincia,1,4573,12734
2026-04-13,Nocturna,Provincia,2,6511,12734
2026-04-13,Nocturna,Provincia,3,3900,12734
2026-04-13,Nocturna,Provincia,4,6102,12734
2026-04-13,Nocturna,Provincia,5,7767,12734
2026-04-13,Nocturna,Provincia,6,9959,12734
2026-04-13,Nocturna,Provincia,7,3484,12734
2026-04-13,Nocturna,Provincia,8,6656,12734
2026-04-13,Nocturna,Provincia,9,7866,12734
2026-04-13,Nocturna,Provincia,10,4697,12734
2026-04-13,Nocturna,Provincia,11,1931,12734
2026-04-13,Nocturna,Provincia,12,8474,12734
2026-04-13,Nocturna,Provincia,13,9858,12734
2026-04-13,Nocturna,Provincia,14,9993,12734
2026-04-13,Nocturna,Provincia,15,1627,12734
2026-04-13,Nocturna,Provincia,16,6965,12734
2026-04-13,Nocturna,Provincia,17,2769,12734
2026-04-13,Nocturna,Provincia,18,7563,12734
2026-04-13,Nocturna,Provincia,19,5887,12734
2026-04-13,Nocturna,Provincia,20,8690,12734
2026-04-14,Nocturna,Provincia,1,6967,12735
2026-04-14,Nocturna,Provincia,2,2612,12735
2026-04-14,Nocturna,Provincia,3,4909,12735
2026-04-14,Nocturna,Provincia,4,8305,12735
2026-04-14,Nocturna,Provincia,5,2858,12735
2026-04-14,Nocturna,Provincia,6,9413,12735
2026-04-14,Nocturna,Provincia,7,3365,12735
2026-04-14,Nocturna,Provincia,8,3060,12735
2026-04-14,Nocturna,Provincia,9,2725,12735
2026-04-14,Nocturna,Provincia,10,7324,12735
2026-04-14,Nocturna,Provincia,11,1763,12735
2026-04-14,Nocturna,Provincia,12,4278,12735
2026-04-14,Nocturna,Provincia,13,7872,12735
2026-04-14,Nocturna,Provincia,14,3072,12735
2026-04-14,Nocturna,Provincia,15,9669,12735
2026-04-14,Nocturna,Provincia,16,1349,12735
2026-04-14,Nocturna,Provincia,17,8058,12735
2026-04-14,Nocturna,Provincia,18,3384,12735
2026-04-14,Nocturna,Provincia,19,2961,12735
2026-04-14,Nocturna,Provincia,20,1716,12735
2026-04-15,Nocturna,Provincia,1,3348,12736
2026-04-15,Nocturna,Provincia,2,7903,12736
2026-04-15,Nocturna,Provincia,3,9141,12736
2026-04-15,Nocturna,Provincia,4,1582,12736
2026-04-15,Nocturna,Provincia,5,5462,12736
2026-04-15,Nocturna,Provincia,6,5720,12736
2026-04-15,Nocturna,Provincia,7,9870,12736
2026-04-15,Nocturna,Provincia,8,1739,12736
2026-04-15,Nocturna,Provincia,9,8110,12736
2026-04-15,Nocturna,Provincia,10,3948,12736
2026-04-15,Nocturna,Provincia,11,4678,12736
2026-04-15,Nocturna,Provincia,12,8173,12736
2026-04-15,Nocturna,Provincia,13,8648,12736
2026-04-15,Nocturna,Provincia,14,8113,12736
2026-04-15,Nocturna,Provincia,15,9535,12736
2026-04-15,Nocturna,Provincia,16,4898,12736
2026-04-15,Nocturna,Provincia,17,7575,12736
2026-04-15,Nocturna,Provincia,18,3899,12736
2026-04-15,Nocturna,Provincia,19,7165,12736
2026-04-15,Nocturna,Provincia,20,9828,12736
2026-04-16,Nocturna,Provincia,1,5598,12737
2026-04-16,Nocturna,Provincia,2,3841,12737
2026-04-16,Nocturna,Provincia,3,6130,12737
2026-04-16,Nocturna,Provincia,4,7647,12737
2026-04-16,Nocturna,Provincia,5,5010,12737
2026-04-16,Nocturna,Provincia,6,2087,12737
2026-04-16,Nocturna,Provincia,7,7910,12737
2026-04-16,Nocturna,Provincia,8,8223,12737
2026-04-16,Nocturna,Provincia,9,4041,12737
2026-04-16,Nocturna,Provincia,10,2524,12737
2026-04-16,Nocturna,Provincia,11,2059,12737
2026-04-16,Nocturna,Provincia,12,7285,12737
2026-04-16,Nocturna,Provincia,13,9965,12737
2026-04-16,Nocturna,Provincia,14,9152,12737
2026-04-16,Nocturna,Provincia,15,1955,12737
2026-04-16,Nocturna,Provincia,16,5527,12737
2026-04-16,Nocturna,Provincia,17,5452,12737
2026-04-16,Nocturna,Provincia,18,8370,12737
2026-04-16,Nocturna,Provincia,19,9966,12737
2026-04-16,Nocturna,Provincia,20,0603,12737
2026-04-17,Nocturna,Provincia,1,2425,12738
2026-04-17,Nocturna,Provincia,2,9168,12738
2026-04-17,Nocturna,Provincia,3,0306,12738
2026-04-17,Nocturna,Provincia,4,4365,12738
2026-04-17,Nocturna,Provincia,5,5208,12738
2026-04-17,Nocturna,Provincia,6,0127,12738
2026-04-17,Nocturna,Provincia,7,4797,12738
2026-04-17,Nocturna,Provincia,8,7210,12738
2026-04-17,Nocturna,Provincia,9,8487,12738
2026-04-17,Nocturna,Provincia,10,3167,12738
2026-04-17,Nocturna,Provincia,11,5895,12738
2026-04-17,Nocturna,Provincia,12,5721,12738
2026-04-17,Nocturna,Provincia,13,7593,12738
2026-04-17,Nocturna,Provincia,14,9947,12738
2026-04-17,Nocturna,Provincia,15,6735,12738
2026-04-17,Nocturna,Provincia,16,6760,12738
2026-04-17,Nocturna,Provincia,17,1796,12738
2026-04-17,Nocturna,Provincia,18,1736,12738
2026-04-17,Nocturna,Provincia,19,5542,12738
2026-04-17,Nocturna,Provincia,20,0529,12738
2026-04-18,Nocturna,Provincia,1,3053,12739
2026-04-18,Nocturna,Provincia,2,0118,12739
2026-04-18,Nocturna,Provincia,3,5847,12739
2026-04-18,Nocturna,Provincia,4,9665,12739
2026-04-18,Nocturna,Provincia,5,8921,12739
2026-04-18,Nocturna,Provincia,6,2766,12739
2026-04-18,Nocturna,Provincia,7,3337,12739
2026-04-18,Nocturna,Provincia,8,6640,12739
2026-04-18,Nocturna,Provincia,9,1590,12739
2026-04-18,Nocturna,Provincia,10,5955,12739
2026-04-18,Nocturna,Provincia,11,0531,12739
2026-04-18,Nocturna,Provincia,12,1313,12739
2026-04-18,Nocturna,Provincia,13,0966,12739
2026-04-18,Nocturna,Provincia,14,8771,12739
2026-04-18,Nocturna,Provincia,15,8318,12739
2026-04-18,Nocturna,Provincia,16,2473,12739
2026-04-18,Nocturna,Provincia,17,4561,12739
2026-04-18,Nocturna,Provincia,18,0703,12739
2026-04-18,Nocturna,Provincia,19,3309,12739
2026-04-18,Nocturna,Provincia,20,5209,12739
2026-04-20,Nocturna,Provincia,1,1823,12740
2026-04-20,Nocturna,Provincia,2,1576,12740
2026-04-20,Nocturna,Provincia,3,0287,12740
2026-04-20,Nocturna,Provincia,4,6883,12740
2026-04-20,Nocturna,Provincia,5,5903,12740
2026-04-20,Nocturna,Provincia,6,6735,12740
2026-04-20,Nocturna,Provincia,7,5940,12740
2026-04-20,Nocturna,Provincia,8,9624,12740
2026-04-20,Nocturna,Provincia,9,9780,12740
2026-04-20,Nocturna,Provincia,10,5470,12740
2026-04-20,Nocturna,Provincia,11,2113,12740
2026-04-20,Nocturna,Provincia,12,9594,12740
2026-04-20,Nocturna,Provincia,13,5383,12740
2026-04-20,Nocturna,Provincia,14,9807,12740
2026-04-20,Nocturna,Provincia,15,2657,12740
2026-04-20,Nocturna,Provincia,16,0479,12740
2026-04-20,Nocturna,Provincia,17,4823,12740
2026-04-20,Nocturna,Provincia,18,2061,12740
2026-04-20,Nocturna,Provincia,19,9868,12740
2026-04-20,Nocturna,Provincia,20,1868,12740
2026-04-21,Nocturna,Provincia,1,4878,12741
2026-04-21,Nocturna,Provincia,2,0662,12741
2026-04-21,Nocturna,Provincia,3,3262,12741
2026-04-21,Nocturna,Provincia,4,1315,12741
2026-04-21,Nocturna,Provincia,5,0279,12741
2026-04-21,Nocturna,Provincia,6,3151,12741
2026-04-21,Nocturna,Provincia,7,7685,12741
2026-04-21,Nocturna,Provincia,8,0988,12741
2026-04-21,Nocturna,Provincia,9,2749,12741
2026-04-21,Nocturna,Provincia,10,0535,12741
2026-04-21,Nocturna,Provincia,11,3828,12741
2026-04-21,Nocturna,Provincia,12,2739,12741
2026-04-21,Nocturna,Provincia,13,5943,12741
2026-04-21,Nocturna,Provincia,14,7352,12741
2026-04-21,Nocturna,Provincia,15,2963,12741
2026-04-21,Nocturna,Provincia,16,7825,12741
2026-04-21,Nocturna,Provincia,17,4568,12741
2026-04-21,Nocturna,Provincia,18,6014,12741
2026-04-21,Nocturna,Provincia,19,0725,12741
2026-04-21,Nocturna,Provincia,20,1012,12741
2026-04-22,Nocturna,Provincia,1,8349,12742
2026-04-22,Nocturna,Provincia,2,4491,12742
2026-04-22,Nocturna,Provincia,3,5879,12742
2026-04-22,Nocturna,Provincia,4,5300,12742
2026-04-22,Nocturna,Provincia,5,5015,12742
2026-04-22,Nocturna,Provincia,6,2108,12742
2026-04-22,Nocturna,Provincia,7,8907,12742
2026-04-22,Nocturna,Provincia,8,0118,12742
2026-04-22,Nocturna,Provincia,9,8421,12742
2026-04-22,Nocturna,Provincia,10,8908,12742
2026-04-22,Nocturna,Provincia,11,6153,12742
2026-04-22,Nocturna,Provincia,12,1258,12742
2026-04-22,Nocturna,Provincia,13,4629,12742
2026-04-22,Nocturna,Provincia,14,0979,12742
2026-04-22,Nocturna,Provincia,15,1478,12742
2026-04-22,Nocturna,Provincia,16,5215,12742
2026-04-22,Nocturna,Provincia,17,6353,12742
2026-04-22,Nocturna,Provincia,18,3469,12742
2026-04-22,Nocturna,Provincia,19,6451,12742
2026-04-22,Nocturna,Provincia,20,5263,12742
2026-04-23,Nocturna,Provincia,1,6839,12743
2026-04-23,Nocturna,Provincia,2,2263,12743
2026-04-23,Nocturna,Provincia,3,5949,12743
2026-04-23,Nocturna,Provincia,4,8840,12743
2026-04-23,Nocturna,Provincia,5,8111,12743
2026-04-23,Nocturna,Provincia,6,3554,12743
2026-04-23,Nocturna,Provincia,7,2450,12743
2026-04-23,Nocturna,Provincia,8,5806,12743
2026-04-23,Nocturna,Provincia,9,8107,12743
2026-04-23,Nocturna,Provincia,10,5849,12743
2026-04-23,Nocturna,Provincia,11,8034,12743
2026-04-23,Nocturna,Provincia,12,1757,12743
2026-04-23,Nocturna,Provincia,13,8105,12743
2026-04-23,Nocturna,Provincia,14,2787,12743
2026-04-23,Nocturna,Provincia,15,9829,12743
2026-04-23,Nocturna,Provincia,16,6246,12743
2026-04-23,Nocturna,Provincia,17,6017,12743
2026-04-23,Nocturna,Provincia,18,8950,12743
2026-04-23,Nocturna,Provincia,19,0906,12743
2026-04-23,Nocturna,Provincia,20,1215,12743
2026-04-24,Nocturna,Provincia,1,0710,12744
2026-04-24,Nocturna,Provincia,2,0334,12744
2026-04-24,Nocturna,Provincia,3,7628,12744
2026-04-24,Nocturna,Provincia,4,0323,12744
2026-04-24,Nocturna,Provincia,5,9284,12744
2026-04-24,Nocturna,Provincia,6,1286,12744
2026-04-24,Nocturna,Provincia,7,3020,12744
2026-04-24,Nocturna,Provincia,8,8373,12744
2026-04-24,Nocturna,Provincia,9,3230,12744
2026-04-24,Nocturna,Provincia,10,8956,12744
2026-04-24,Nocturna,Provincia,11,0142,12744
2026-04-24,Nocturna,Provincia,12,1733,12744
2026-04-24,Nocturna,Provincia,13,7171,12744
2026-04-24,Nocturna,Provincia,14,1040,12744
2026-04-24,Nocturna,Provincia,15,8870,12744
2026-04-24,Nocturna,Provincia,16,4427,12744
2026-04-24,Nocturna,Provincia,17,2167,12744
2026-04-24,Nocturna,Provincia,18,2597,12744
2026-04-24,Nocturna,Provincia,19,1505,12744
2026-04-24,Nocturna,Provincia,20,7685,12744
2026-04-25,Nocturna,Provincia,1,2635,12745
2026-04-25,Nocturna,Provincia,2,9532,12745
2026-04-25,Nocturna,Provincia,3,2384,12745
2026-04-25,Nocturna,Provincia,4,5822,12745
2026-04-25,Nocturna,Provincia,5,6472,12745
2026-04-25,Nocturna,Provincia,6,8335,12745
2026-04-25,Nocturna,Provincia,7,2309,12745
2026-04-25,Nocturna,Provincia,8,2609,12745
2026-04-25,Nocturna,Provincia,9,9989,12745
2026-04-25,Nocturna,Provincia,10,9352,12745
2026-04-25,Nocturna,Provincia,11,7976,12745
2026-04-25,Nocturna,Provincia,12,5066,12745
2026-04-25,Nocturna,Provincia,13,8740,12745
2026-04-25,Nocturna,Provincia,14,5129,12745
2026-04-25,Nocturna,Provincia,15,2816,12745
2026-04-25,Nocturna,Provincia,16,1185,12745
2026-04-25,Nocturna,Provincia,17,6364,12745
2026-04-25,Nocturna,Provincia,18,8105,12745
2026-04-25,Nocturna,Provincia,19,7649,12745
2026-04-25,Nocturna,Provincia,20,3083,12745
2026-04-27,Nocturna,Provincia,1,5438,12746
2026-04-27,Nocturna,Provincia,2,4090,12746
2026-04-27,Nocturna,Provincia,3,6377,12746
2026-04-27,Nocturna,Provincia,4,2705,12746
2026-04-27,Nocturna,Provincia,5,7958,12746
2026-04-27,Nocturna,Provincia,6,3405,12746
2026-04-27,Nocturna,Provincia,7,9410,12746
2026-04-27,Nocturna,Provincia,8,1655,12746
2026-04-27,Nocturna,Provincia,9,4814,12746
2026-04-27,Nocturna,Provincia,10,2595,12746
2026-04-27,Nocturna,Provincia,11,2063,12746
2026-04-27,Nocturna,Provincia,12,1901,12746
2026-04-27,Nocturna,Provincia,13,0896,12746
2026-04-27,Nocturna,Provincia,14,3562,12746
2026-04-27,Nocturna,Provincia,15,2010,12746
2026-04-27,Nocturna,Provincia,16,8841,12746
2026-04-27,Nocturna,Provincia,17,6576,12746
2026-04-27,Nocturna,Provincia,18,8483,12746
2026-04-27,Nocturna,Provincia,19,6725,12746
2026-04-27,Nocturna,Provincia,20,8007,12746
2026-04-28,Nocturna,Provincia,1,8506,12747
2026-04-28,Nocturna,Provincia,2,8651,12747
2026-04-28,Nocturna,Provincia,3,2853,12747
2026-04-28,Nocturna,Provincia,4,7667,12747
2026-04-28,Nocturna,Provincia,5,1488,12747
2026-04-28,Nocturna,Provincia,6,5761,12747
2026-04-28,Nocturna,Provincia,7,3101,12747
2026-04-28,Nocturna,Provincia,8,7033,12747
2026-04-28,Nocturna,Provincia,9,5760,12747
2026-04-28,Nocturna,Provincia,10,4526,12747
2026-04-28,Nocturna,Provincia,11,7537,12747
2026-04-28,Nocturna,Provincia,12,0143,12747
2026-04-28,Nocturna,Provincia,13,7044,12747
2026-04-28,Nocturna,Provincia,14,2211,12747
2026-04-28,Nocturna,Provincia,15,0562,12747
2026-04-28,Nocturna,Provincia,16,8571,12747
2026-04-28,Nocturna,Provincia,17,5892,12747
2026-04-28,Nocturna,Provincia,18,9656,12747
2026-04-28,Nocturna,Provincia,19,7245,12747
2026-04-28,Nocturna,Provincia,20,4175,12747
2026-04-29,Nocturna,Provincia,1,7040,12748
2026-04-29,Nocturna,Provincia,2,5551,12748
2026-04-29,Nocturna,Provincia,3,8160,12748
2026-04-29,Nocturna,Provincia,4,8624,12748
2026-04-29,Nocturna,Provincia,5,0358,12748
2026-04-29,Nocturna,Provincia,6,8976,12748
2026-04-29,Nocturna,Provincia,7,2195,12748
2026-04-29,Nocturna,Provincia,8,1625,12748
2026-04-29,Nocturna,Provincia,9,3961,12748
2026-04-29,Nocturna,Provincia,10,6442,12748
2026-04-29,Nocturna,Provincia,11,9622,12748
2026-04-29,Nocturna,Provincia,12,5825,12748
2026-04-29,Nocturna,Provincia,13,5686,12748
2026-04-29,Nocturna,Provincia,14,0359,12748
2026-04-29,Nocturna,Provincia,15,5672,12748
2026-04-29,Nocturna,Provincia,16,4070,12748
2026-04-29,Nocturna,Provincia,17,3530,12748
2026-04-29,Nocturna,Provincia,18,3146,12748
2026-04-29,Nocturna,Provincia,19,3204,12748
2026-04-29,Nocturna,Provincia,20,6447,12748
2026-04-30,Nocturna,Provincia,1,4276,12749
2026-04-30,Nocturna,Provincia,2,0011,12749
2026-04-30,Nocturna,Provincia,3,8389,12749
2026-04-30,Nocturna,Provincia,4,6654,12749
2026-04-30,Nocturna,Provincia,5,4267,12749
2026-04-30,Nocturna,Provincia,6,6033,12749
2026-04-30,Nocturna,Provincia,7,1536,12749
2026-04-30,Nocturna,Provincia,8,5035,12749
2026-04-30,Nocturna,Provincia,9,5764,12749
2026-04-30,Nocturna,Provincia,10,9076,12749
2026-04-30,Nocturna,Provincia,11,9775,12749
2026-04-30,Nocturna,Provincia,12,0344,12749
2026-04-30,Nocturna,Provincia,13,3947,12749
2026-04-30,Nocturna,Provincia,14,5082,12749
2026-04-30,Nocturna,Provincia,15,5186,12749
2026-04-30,Nocturna,Provincia,16,5844,12749
2026-04-30,Nocturna,Provincia,17,2345,12749
2026-04-30,Nocturna,Provincia,18,9412,12749
2026-04-30,Nocturna,Provincia,19,9892,12749
2026-04-30,Nocturna,Provincia,20,4940,12749
2026-05-02,Nocturna,Provincia,1,8178,12750
2026-05-02,Nocturna,Provincia,2,4799,12750
2026-05-02,Nocturna,Provincia,3,7540,12750
2026-05-02,Nocturna,Provincia,4,8323,12750
2026-05-02,Nocturna,Provincia,5,1877,12750
2026-05-02,Nocturna,Provincia,6,4752,12750
2026-05-02,Nocturna,Provincia,7,8207,12750
2026-05-02,Nocturna,Provincia,8,7158,12750
2026-05-02,Nocturna,Provincia,9,0338,12750
2026-05-02,Nocturna,Provincia,10,7268,12750
2026-05-02,Nocturna,Provincia,11,1335,12750
2026-05-02,Nocturna,Provincia,12,7947,12750
2026-05-02,Nocturna,Provincia,13,1820,12750
2026-05-02,Nocturna,Provincia,14,1449,12750
2026-05-02,Nocturna,Provincia,15,8632,12750
2026-05-02,Nocturna,Provincia,16,9093,12750
2026-05-02,Nocturna,Provincia,17,0962,12750
2026-05-02,Nocturna,Provincia,18,4574,12750
2026-05-02,Nocturna,Provincia,19,3889,12750
2026-05-02,Nocturna,Provincia,20,4073,12750
2026-05-04,Nocturna,Provincia,1,5799,12751
2026-05-04,Nocturna,Provincia,2,4011,12751
2026-05-04,Nocturna,Provincia,3,2565,12751
2026-05-04,Nocturna,Provincia,4,2178,12751
2026-05-04,Nocturna,Provincia,5,1919,12751
2026-05-04,Nocturna,Provincia,6,0607,12751
2026-05-04,Nocturna,Provincia,7,4800,12751
2026-05-04,Nocturna,Provincia,8,2755,12751
2026-05-04,Nocturna,Provincia,9,6781,12751
2026-05-04,Nocturna,Provincia,10,4831,12751
2026-05-04,Nocturna,Provincia,11,8042,12751
2026-05-04,Nocturna,Provincia,12,4279,12751
2026-05-04,Nocturna,Provincia,13,6701,12751
2026-05-04,Nocturna,Provincia,14,8330,12751
2026-05-04,Nocturna,Provincia,15,3175,12751
2026-05-04,Nocturna,Provincia,16,4921,12751
2026-05-04,Nocturna,Provincia,17,0618,12751
2026-05-04,Nocturna,Provincia,18,9762,12751
2026-05-04,Nocturna,Provincia,19,4773,12751
2026-05-04,Nocturna,Provincia,20,8391,12751
2026-05-05,Nocturna,Provincia,1,1718,12752
2026-05-05,Nocturna,Provincia,2,4397,12752
2026-05-05,Nocturna,Provincia,3,4166,12752
2026-05-05,Nocturna,Provincia,4,8297,12752
2026-05-05,Nocturna,Provincia,5,0105,12752
2026-05-05,Nocturna,Provincia,6,3476,12752
2026-05-05,Nocturna,Provincia,7,9979,12752
2026-05-05,Nocturna,Provincia,8,9012,12752
2026-05-05,Nocturna,Provincia,9,5778,12752
2026-05-05,Nocturna,Provincia,10,2317,12752
2026-05-05,Nocturna,Provincia,11,4010,12752
2026-05-05,Nocturna,Provincia,12,1708,12752
2026-05-05,Nocturna,Provincia,13,8256,12752
2026-05-05,Nocturna,Provincia,14,0084,12752
2026-05-05,Nocturna,Provincia,15,3898,12752
2026-05-05,Nocturna,Provincia,16,5273,12752
2026-05-05,Nocturna,Provincia,17,5735,12752
2026-05-05,Nocturna,Provincia,18,7684,12752
2026-05-05,Nocturna,Provincia,19,0774,12752
2026-05-05,Nocturna,Provincia,20,6804,12752
2026-05-06,Nocturna,Provincia,1,0091,12753
2026-05-06,Nocturna,Provincia,2,3239,12753
2026-05-06,Nocturna,Provincia,3,8666,12753
2026-05-06,Nocturna,Provincia,4,9685,12753
2026-05-06,Nocturna,Provincia,5,4514,12753
2026-05-06,Nocturna,Provincia,6,2654,12753
2026-05-06,Nocturna,Provincia,7,0441,12753
2026-05-06,Nocturna,Provincia,8,7843,12753
2026-05-06,Nocturna,Provincia,9,1367,12753
2026-05-06,Nocturna,Provincia,10,5867,12753
2026-05-06,Nocturna,Provincia,11,7955,12753
2026-05-06,Nocturna,Provincia,12,8366,12753
2026-05-06,Nocturna,Provincia,13,8925,12753
2026-05-06,Nocturna,Provincia,14,6752,12753
2026-05-06,Nocturna,Provincia,15,7259,12753
2026-05-06,Nocturna,Provincia,16,8117,12753
2026-05-06,Nocturna,Provincia,17,5517,12753
2026-05-06,Nocturna,Provincia,18,3806,12753
2026-05-06,Nocturna,Provincia,19,7780,12753
2026-05-06,Nocturna,Provincia,20,7892,12753
2026-05-07,Nocturna,Provincia,1,1691,12754
2026-05-07,Nocturna,Provincia,2,0984,12754
2026-05-07,Nocturna,Provincia,3,2797,12754
2026-05-07,Nocturna,Provincia,4,5921,12754
2026-05-07,Nocturna,Provincia,5,3312,12754
2026-05-07,Nocturna,Provincia,6,1803,12754
2026-05-07,Nocturna,Provincia,7,8647,12754
2026-05-07,Nocturna,Provincia,8,1089,12754
2026-05-07,Nocturna,Provincia,9,7027,12754
2026-05-07,Nocturna,Provincia,10,8362,12754
2026-05-07,Nocturna,Provincia,11,1571,12754
2026-05-07,Nocturna,Provincia,12,1861,12754
2026-05-07,Nocturna,Provincia,13,1762,12754
2026-05-07,Nocturna,Provincia,14,5097,12754
2026-05-07,Nocturna,Provincia,15,5344,12754
2026-05-07,Nocturna,Provincia,16,2584,12754
2026-05-07,Nocturna,Provincia,17,0491,12754
2026-05-07,Nocturna,Provincia,18,1497,12754
2026-05-07,Nocturna,Provincia,19,7736,12754
2026-05-07,Nocturna,Provincia,20,3264,12754
2026-05-08,Nocturna,Provincia,1,3989,12755
2026-05-08,Nocturna,Provincia,2,5180,12755
2026-05-08,Nocturna,Provincia,3,7258,12755
2026-05-08,Nocturna,Provincia,4,8168,12755
2026-05-08,Nocturna,Provincia,5,0414,12755
2026-05-08,Nocturna,Provincia,6,7784,12755
2026-05-08,Nocturna,Provincia,7,4601,12755
2026-05-08,Nocturna,Provincia,8,4826,12755
2026-05-08,Nocturna,Provincia,9,1002,12755
2026-05-08,Nocturna,Provincia,10,7518,12755
2026-05-08,Nocturna,Provincia,11,0891,12755
2026-05-08,Nocturna,Provincia,12,3836,12755
2026-05-08,Nocturna,Provincia,13,2018,12755
2026-05-08,Nocturna,Provincia,14,4984,12755
2026-05-08,Nocturna,Provincia,15,0713,12755
2026-05-08,Nocturna,Provincia,16,7228,12755
2026-05-08,Nocturna,Provincia,17,6461,12755
2026-05-08,Nocturna,Provincia,18,7588,12755
2026-05-08,Nocturna,Provincia,19,1825,12755
2026-05-08,Nocturna,Provincia,20,0994,12755
2026-05-09,Nocturna,Provincia,1,7652,12756
2026-05-09,Nocturna,Provincia,2,4769,12756
2026-05-09,Nocturna,Provincia,3,3778,12756
2026-05-09,Nocturna,Provincia,4,0445,12756
2026-05-09,Nocturna,Provincia,5,8634,12756
2026-05-09,Nocturna,Provincia,6,5281,12756
2026-05-09,Nocturna,Provincia,7,2853,12756
2026-05-09,Nocturna,Provincia,8,1741,12756
2026-05-09,Nocturna,Provincia,9,2532,12756
2026-05-09,Nocturna,Provincia,10,0978,12756
2026-05-09,Nocturna,Provincia,11,0819,12756
2026-05-09,Nocturna,Provincia,12,8921,12756
2026-05-09,Nocturna,Provincia,13,9518,12756
2026-05-09,Nocturna,Provincia,14,5550,12756
2026-05-09,Nocturna,Provincia,15,6508,12756
2026-05-09,Nocturna,Provincia,16,5096,12756
2026-05-09,Nocturna,Provincia,17,6024,12756
2026-05-09,Nocturna,Provincia,18,9044,12756
2026-05-09,Nocturna,Provincia,19,9645,12756
2026-05-09,Nocturna,Provincia,20,1594,12756
2026-05-11,Nocturna,Provincia,1,4648,12757
2026-05-11,Nocturna,Provincia,2,3688,12757
2026-05-11,Nocturna,Provincia,3,0498,12757
2026-05-11,Nocturna,Provincia,4,4800,12757
2026-05-11,Nocturna,Provincia,5,7017,12757
2026-05-11,Nocturna,Provincia,6,5957,12757
2026-05-11,Nocturna,Provincia,7,3252,12757
2026-05-11,Nocturna,Provincia,8,0933,12757
2026-05-11,Nocturna,Provincia,9,1763,12757
2026-05-11,Nocturna,Provincia,10,5272,12757
2026-05-11,Nocturna,Provincia,11,7971,12757
2026-05-11,Nocturna,Provincia,12,6443,12757
2026-05-11,Nocturna,Provincia,13,7459,12757
2026-05-11,Nocturna,Provincia,14,1236,12757
2026-05-11,Nocturna,Provincia,15,9547,12757
2026-05-11,Nocturna,Provincia,16,7306,12757
2026-05-11,Nocturna,Provincia,17,0428,12757
2026-05-11,Nocturna,Provincia,18,8259,12757
2026-05-11,Nocturna,Provincia,19,2878,12757
2026-05-11,Nocturna,Provincia,20,4938,12757
2026-05-12,Nocturna,Provincia,1,4001,12758
2026-05-12,Nocturna,Provincia,2,8754,12758
2026-05-12,Nocturna,Provincia,3,3300,12758
2026-05-12,Nocturna,Provincia,4,7691,12758
2026-05-12,Nocturna,Provincia,5,7660,12758
2026-05-12,Nocturna,Provincia,6,9306,12758
2026-05-12,Nocturna,Provincia,7,9312,12758
2026-05-12,Nocturna,Provincia,8,5994,12758
2026-05-12,Nocturna,Provincia,9,5181,12758
2026-05-12,Nocturna,Provincia,10,5178,12758
2026-05-12,Nocturna,Provincia,11,2779,12758
2026-05-12,Nocturna,Provincia,12,1124,12758
2026-05-12,Nocturna,Provincia,13,7115,12758
2026-05-12,Nocturna,Provincia,14,5490,12758
2026-05-12,Nocturna,Provincia,15,3632,12758
2026-05-12,Nocturna,Provincia,16,9639,12758
2026-05-12,Nocturna,Provincia,17,8273,12758
2026-05-12,Nocturna,Provincia,18,8890,12758
2026-05-12,Nocturna,Provincia,19,9922,12758
2026-05-12,Nocturna,Provincia,20,0990,12758
2026-05-13,Nocturna,Provincia,1,5818,12759
2026-05-13,Nocturna,Provincia,2,5221,12759
2026-05-13,Nocturna,Provincia,3,6670,12759
2026-05-13,Nocturna,Provincia,4,8884,12759
2026-05-13,Nocturna,Provincia,5,4244,12759
2026-05-13,Nocturna,Provincia,6,1258,12759
2026-05-13,Nocturna,Provincia,7,2471,12759
2026-05-13,Nocturna,Provincia,8,7523,12759
2026-05-13,Nocturna,Provincia,9,7164,12759
2026-05-13,Nocturna,Provincia,10,4000,12759
2026-05-13,Nocturna,Provincia,11,7709,12759
2026-05-13,Nocturna,Provincia,12,8445,12759
2026-05-13,Nocturna,Provincia,13,9889,12759
2026-05-13,Nocturna,Provincia,14,9848,12759
2026-05-13,Nocturna,Provincia,15,1403,12759
2026-05-13,Nocturna,Provincia,16,7589,12759
2026-05-13,Nocturna,Provincia,17,4091,12759
2026-05-13,Nocturna,Provincia,18,1288,12759
2026-05-13,Nocturna,Provincia,19,8387,12759
2026-05-13,Nocturna,Provincia,20,6809,12759
2026-05-14,Nocturna,Provincia,1,9084,12760
2026-05-14,Nocturna,Provincia,2,3262,12760
2026-05-14,Nocturna,Provincia,3,4908,12760
2026-05-14,Nocturna,Provincia,4,1445,12760
2026-05-14,Nocturna,Provincia,5,8447,12760
2026-05-14,Nocturna,Provincia,6,4425,12760
2026-05-14,Nocturna,Provincia,7,7010,12760
2026-05-14,Nocturna,Provincia,8,7444,12760
2026-05-14,Nocturna,Provincia,9,4571,12760
2026-05-14,Nocturna,Provincia,10,6124,12760
2026-05-14,Nocturna,Provincia,11,4841,12760
2026-05-14,Nocturna,Provincia,12,4666,12760
2026-05-14,Nocturna,Provincia,13,0376,12760
2026-05-14,Nocturna,Provincia,14,0124,12760
2026-05-14,Nocturna,Provincia,15,4027,12760
2026-05-14,Nocturna,Provincia,16,4205,12760
2026-05-14,Nocturna,Provincia,17,8316,12760
2026-05-14,Nocturna,Provincia,18,3679,12760
2026-05-14,Nocturna,Provincia,19,3002,12760
2026-05-14,Nocturna,Provincia,20,9365,12760
2026-05-15,Nocturna,Provincia,1,8861,12761
2026-05-15,Nocturna,Provincia,2,6552,12761
2026-05-15,Nocturna,Provincia,3,0472,12761
2026-05-15,Nocturna,Provincia,4,7881,12761
2026-05-15,Nocturna,Provincia,5,9832,12761
2026-05-15,Nocturna,Provincia,6,9078,12761
2026-05-15,Nocturna,Provincia,7,1768,12761
2026-05-15,Nocturna,Provincia,8,7918,12761
2026-05-15,Nocturna,Provincia,9,4542,12761
2026-05-15,Nocturna,Provincia,10,9049,12761
2026-05-15,Nocturna,Provincia,11,6413,12761
2026-05-15,Nocturna,Provincia,12,0305,12761
2026-05-15,Nocturna,Provincia,13,0781,12761
2026-05-15,Nocturna,Provincia,14,7111,12761
2026-05-15,Nocturna,Provincia,15,2169,12761
2026-05-15,Nocturna,Provincia,16,9723,12761
2026-05-15,Nocturna,Provincia,17,9589,12761
2026-05-15,Nocturna,Provincia,18,5619,12761
2026-05-15,Nocturna,Provincia,19,3788,12761
2026-05-15,Nocturna,Provincia,20,2889,12761
2026-05-16,Nocturna,Provincia,1,6632,12762
2026-05-16,Nocturna,Provincia,2,4678,12762
2026-05-16,Nocturna,Provincia,3,6973,12762
2026-05-16,Nocturna,Provincia,4,3546,12762
2026-05-16,Nocturna,Provincia,5,9719,12762
2026-05-16,Nocturna,Provincia,6,6311,12762
2026-05-16,Nocturna,Provincia,7,8268,12762
2026-05-16,Nocturna,Provincia,8,7112,12762
2026-05-16,Nocturna,Provincia,9,4482,12762
2026-05-16,Nocturna,Provincia,10,1277,12762
2026-05-16,Nocturna,Provincia,11,7166,12762
2026-05-16,Nocturna,Provincia,12,5662,12762
2026-05-16,Nocturna,Provincia,13,3105,12762
2026-05-16,Nocturna,Provincia,14,3575,12762
2026-05-16,Nocturna,Provincia,15,5514,12762
2026-05-16,Nocturna,Provincia,16,5439,12762
2026-05-16,Nocturna,Provincia,17,7922,12762
2026-05-16,Nocturna,Provincia,18,2010,12762
2026-05-16,Nocturna,Provincia,19,5224,12762
2026-05-16,Nocturna,Provincia,20,2146,12762
2026-05-18,Nocturna,Provincia,1,2622,12763
2026-05-18,Nocturna,Provincia,2,4943,12763
2026-05-18,Nocturna,Provincia,3,1203,12763
2026-05-18,Nocturna,Provincia,4,0653,12763
2026-05-18,Nocturna,Provincia,5,7730,12763
2026-05-18,Nocturna,Provincia,6,6156,12763
2026-05-18,Nocturna,Provincia,7,6985,12763
2026-05-18,Nocturna,Provincia,8,8116,12763
2026-05-18,Nocturna,Provincia,9,6289,12763
2026-05-18,Nocturna,Provincia,10,5662,12763
2026-05-18,Nocturna,Provincia,11,2421,12763
2026-05-18,Nocturna,Provincia,12,9598,12763
2026-05-18,Nocturna,Provincia,13,7238,12763
2026-05-18,Nocturna,Provincia,14,4096,12763
2026-05-18,Nocturna,Provincia,15,1181,12763
2026-05-18,Nocturna,Provincia,16,7668,12763
2026-05-18,Nocturna,Provincia,17,1579,12763
2026-05-18,Nocturna,Provincia,18,5217,12763
2026-05-18,Nocturna,Provincia,19,4528,12763
2026-05-18,Nocturna,Provincia,20,8180,12763
2026-05-19,Nocturna,Provincia,1,2047,12764
2026-05-19,Nocturna,Provincia,2,6306,12764
2026-05-19,Nocturna,Provincia,3,4587,12764
2026-05-19,Nocturna,Provincia,4,9038,12764
2026-05-19,Nocturna,Provincia,5,2522,12764
2026-05-19,Nocturna,Provincia,6,4709,12764
2026-05-19,Nocturna,Provincia,7,2579,12764
2026-05-19,Nocturna,Provincia,8,7482,12764
2026-05-19,Nocturna,Provincia,9,6737,12764
2026-05-19,Nocturna,Provincia,10,0493,12764
2026-05-19,Nocturna,Provincia,11,9678,12764
2026-05-19,Nocturna,Provincia,12,3024,12764
2026-05-19,Nocturna,Provincia,13,3846,12764
2026-05-19,Nocturna,Provincia,14,3801,12764
2026-05-19,Nocturna,Provincia,15,6289,12764
2026-05-19,Nocturna,Provincia,16,1310,12764
2026-05-19,Nocturna,Provincia,17,3598,12764
2026-05-19,Nocturna,Provincia,18,1695,12764
2026-05-19,Nocturna,Provincia,19,6984,12764
2026-05-19,Nocturna,Provincia,20,2954,12764
2026-05-20,Nocturna,Provincia,1,0517,12765
2026-05-20,Nocturna,Provincia,2,7965,12765
2026-05-20,Nocturna,Provincia,3,6997,12765
2026-05-20,Nocturna,Provincia,4,6526,12765
2026-05-20,Nocturna,Provincia,5,4674,12765
2026-05-20,Nocturna,Provincia,6,4910,12765
2026-05-20,Nocturna,Provincia,7,0916,12765
2026-05-20,Nocturna,Provincia,8,3451,12765
2026-05-20,Nocturna,Provincia,9,3292,12765
2026-05-20,Nocturna,Provincia,10,2085,12765
2026-05-20,Nocturna,Provincia,11,9127,12765
2026-05-20,Nocturna,Provincia,12,7662,12765
2026-05-20,Nocturna,Provincia,13,9908,12765
2026-05-20,Nocturna,Provincia,14,7079,12765
2026-05-20,Nocturna,Provincia,15,8117,12765
2026-05-20,Nocturna,Provincia,16,6645,12765
2026-05-20,Nocturna,Provincia,17,4422,12765
2026-05-20,Nocturna,Provincia,18,2014,12765
2026-05-20,Nocturna,Provincia,19,2763,12765
2026-05-20,Nocturna,Provincia,20,5732,12765
2026-05-21,Nocturna,Provincia,1,6813,12766
2026-05-21,Nocturna,Provincia,2,8081,12766
2026-05-21,Nocturna,Provincia,3,9284,12766
2026-05-21,Nocturna,Provincia,4,6813,12766
2026-05-21,Nocturna,Provincia,5,8662,12766
2026-05-21,Nocturna,Provincia,6,4219,12766
2026-05-21,Nocturna,Provincia,7,3640,12766
2026-05-21,Nocturna,Provincia,8,4696,12766
2026-05-21,Nocturna,Provincia,9,6979,12766
2026-05-21,Nocturna,Provincia,10,1187,12766
2026-05-21,Nocturna,Provincia,11,0017,12766
2026-05-21,Nocturna,Provincia,12,0722,12766
2026-05-21,Nocturna,Provincia,13,9068,12766
2026-05-21,Nocturna,Provincia,14,8330,12766
2026-05-21,Nocturna,Provincia,15,0630,12766
2026-05-21,Nocturna,Provincia,16,4144,12766
2026-05-21,Nocturna,Provincia,17,2568,12766
2026-05-21,Nocturna,Provincia,18,6285,12766
2026-05-21,Nocturna,Provincia,19,6129,12766
2026-05-21,Nocturna,Provincia,20,3974,12766
2026-05-22,Nocturna,Provincia,1,8490,12767
2026-05-22,Nocturna,Provincia,2,3753,12767
2026-05-22,Nocturna,Provincia,3,3342,12767
2026-05-22,Nocturna,Provincia,4,3989,12767
2026-05-22,Nocturna,Provincia,5,8831,12767
2026-05-22,Nocturna,Provincia,6,0482,12767
2026-05-22,Nocturna,Provincia,7,8303,12767
2026-05-22,Nocturna,Provincia,8,1338,12767
2026-05-22,Nocturna,Provincia,9,2667,12767
2026-05-22,Nocturna,Provincia,10,9414,12767
2026-05-22,Nocturna,Provincia,11,3497,12767
2026-05-22,Nocturna,Provincia,12,7985,12767
2026-05-22,Nocturna,Provincia,13,2187,12767
2026-05-22,Nocturna,Provincia,14,3345,12767
2026-05-22,Nocturna,Provincia,15,9995,12767
2026-05-22,Nocturna,Provincia,16,3893,12767
2026-05-22,Nocturna,Provincia,17,2835,12767
2026-05-22,Nocturna,Provincia,18,6082,12767
2026-05-22,Nocturna,Provincia,19,5465,12767
2026-05-22,Nocturna,Provincia,20,9739,12767
2026-05-23,Nocturna,Provincia,1,9434,12768
2026-05-23,Nocturna,Provincia,2,3629,12768
2026-05-23,Nocturna,Provincia,3,9062,12768
2026-05-23,Nocturna,Provincia,4,1877,12768
2026-05-23,Nocturna,Provincia,5,0056,12768
2026-05-23,Nocturna,Provincia,6,8091,12768
2026-05-23,Nocturna,Provincia,7,1957,12768
2026-05-23,Nocturna,Provincia,8,4734,12768
2026-05-23,Nocturna,Provincia,9,8800,12768
2026-05-23,Nocturna,Provincia,10,0165,12768
2026-05-23,Nocturna,Provincia,11,8897,12768
2026-05-23,Nocturna,Provincia,12,9597,12768
2026-05-23,Nocturna,Provincia,13,8781,12768
2026-05-23,Nocturna,Provincia,14,3689,12768
2026-05-23,Nocturna,Provincia,15,7350,12768
2026-05-23,Nocturna,Provincia,16,2156,12768
2026-05-23,Nocturna,Provincia,17,7028,12768
2026-05-23,Nocturna,Provincia,18,7645,12768
2026-05-23,Nocturna,Provincia,19,1991,12768
2026-05-23,Nocturna,Provincia,20,0486,12768
2026-05-26,Nocturna,Provincia,1,1854,12769
2026-05-26,Nocturna,Provincia,2,0542,12769
2026-05-26,Nocturna,Provincia,3,1627,12769
2026-05-26,Nocturna,Provincia,4,3047,12769
2026-05-26,Nocturna,Provincia,5,0747,12769
2026-05-26,Nocturna,Provincia,6,1151,12769
2026-05-26,Nocturna,Provincia,7,3267,12769
2026-05-26,Nocturna,Provincia,8,9083,12769
2026-05-26,Nocturna,Provincia,9,7447,12769
2026-05-26,Nocturna,Provincia,10,9812,12769
2026-05-26,Nocturna,Provincia,11,9470,12769
2026-05-26,Nocturna,Provincia,12,1183,12769
2026-05-26,Nocturna,Provincia,13,2965,12769
2026-05-26,Nocturna,Provincia,14,0285,12769
2026-05-26,Nocturna,Provincia,15,3581,12769
2026-05-26,Nocturna,Provincia,16,1677,12769
2026-05-26,Nocturna,Provincia,17,7791,12769
2026-05-26,Nocturna,Provincia,18,0624,12769
2026-05-26,Nocturna,Provincia,19,0515,12769
2026-05-26,Nocturna,Provincia,20,4951,12769
2026-05-27,Nocturna,Provincia,1,5957,12770
2026-05-27,Nocturna,Provincia,2,3531,12770
2026-05-27,Nocturna,Provincia,3,6012,12770
2026-05-27,Nocturna,Provincia,4,2605,12770
2026-05-27,Nocturna,Provincia,5,4747,12770
2026-05-27,Nocturna,Provincia,6,5787,12770
2026-05-27,Nocturna,Provincia,7,4427,12770
2026-05-27,Nocturna,Provincia,8,8785,12770
2026-05-27,Nocturna,Provincia,9,9345,12770
2026-05-27,Nocturna,Provincia,10,3659,12770
2026-05-27,Nocturna,Provincia,11,0989,12770
2026-05-27,Nocturna,Provincia,12,6734,12770
2026-05-27,Nocturna,Provincia,13,3283,12770
2026-05-27,Nocturna,Provincia,14,3114,12770
2026-05-27,Nocturna,Provincia,15,1537,12770
2026-05-27,Nocturna,Provincia,16,1913,12770
2026-05-27,Nocturna,Provincia,17,3116,12770
2026-05-27,Nocturna,Provincia,18,7810,12770
2026-05-27,Nocturna,Provincia,19,9165,12770
2026-05-27,Nocturna,Provincia,20,4156,12770
2026-05-28,Nocturna,Provincia,1,1712,12771
2026-05-28,Nocturna,Provincia,2,2870,12771
2026-05-28,Nocturna,Provincia,3,8932,12771
2026-05-28,Nocturna,Provincia,4,3879,12771
2026-05-28,Nocturna,Provincia,5,3698,12771
2026-05-28,Nocturna,Provincia,6,8514,12771
2026-05-28,Nocturna,Provincia,7,9556,12771
2026-05-28,Nocturna,Provincia,8,5922,12771
2026-05-28,Nocturna,Provincia,9,3681,12771
2026-05-28,Nocturna,Provincia,10,1290,12771
2026-05-28,Nocturna,Provincia,11,7025,12771
2026-05-28,Nocturna,Provincia,12,5424,12771
2026-05-28,Nocturna,Provincia,13,0337,12771
2026-05-28,Nocturna,Provincia,14,1803,12771
2026-05-28,Nocturna,Provincia,15,3742,12771
2026-05-28,Nocturna,Provincia,16,4176,12771
2026-05-28,Nocturna,Provincia,17,2496,12771
2026-05-28,Nocturna,Provincia,18,1246,12771
2026-05-28,Nocturna,Provincia,19,6544,12771
2026-05-28,Nocturna,Provincia,20,5365,12771
2026-05-29,Nocturna,Provincia,1,7952,12772
2026-05-29,Nocturna,Provincia,2,6409,12772
2026-05-29,Nocturna,Provincia,3,2600,12772
2026-05-29,Nocturna,Provincia,4,0303,12772
2026-05-29,Nocturna,Provincia,5,2740,12772
2026-05-29,Nocturna,Provincia,6,7589,12772
2026-05-29,Nocturna,Provincia,7,4853,12772
2026-05-29,Nocturna,Provincia,8,7799,12772
2026-05-29,Nocturna,Provincia,9,0530,12772
2026-05-29,Nocturna,Provincia,10,6796,12772
2026-05-29,Nocturna,Provincia,11,5952,12772
2026-05-29,Nocturna,Provincia,12,2256,12772
2026-05-29,Nocturna,Provincia,13,1171,12772
2026-05-29,Nocturna,Provincia,14,8213,12772
2026-05-29,Nocturna,Provincia,15,9059,12772
2026-05-29,Nocturna,Provincia,16,4044,12772
2026-05-29,Nocturna,Provincia,17,4074,12772
2026-05-29,Nocturna,Provincia,18,3013,12772
2026-05-29,Nocturna,Provincia,19,3450,12772
2026-05-29,Nocturna,Provincia,20,7595,12772
2026-05-30,Nocturna,Provincia,1,0481,12773
2026-05-30,Nocturna,Provincia,2,5122,12773
2026-05-30,Nocturna,Provincia,3,4628,12773
2026-05-30,Nocturna,Provincia,4,7083,12773
2026-05-30,Nocturna,Provincia,5,6401,12773
2026-05-30,Nocturna,Provincia,6,4576,12773
2026-05-30,Nocturna,Provincia,7,2337,12773
2026-05-30,Nocturna,Provincia,8,1113,12773
2026-05-30,Nocturna,Provincia,9,2538,12773
2026-05-30,Nocturna,Provincia,10,3882,12773
2026-05-30,Nocturna,Provincia,11,3690,12773
2026-05-30,Nocturna,Provincia,12,7066,12773
2026-05-30,Nocturna,Provincia,13,5314,12773
2026-05-30,Nocturna,Provincia,14,8995,12773
2026-05-30,Nocturna,Provincia,15,3401,12773
2026-05-30,Nocturna,Provincia,16,8703,12773
2026-05-30,Nocturna,Provincia,17,3121,12773
2026-05-30,Nocturna,Provincia,18,0844,12773
2026-05-30,Nocturna,Provincia,19,8604,12773
2026-05-30,Nocturna,Provincia,20,1565,12773
2026-06-01,Nocturna,Provincia,1,9251,12774
2026-06-01,Nocturna,Provincia,2,0050,12774
2026-06-01,Nocturna,Provincia,3,1451,12774
2026-06-01,Nocturna,Provincia,4,4257,12774
2026-06-01,Nocturna,Provincia,5,6083,12774
2026-06-01,Nocturna,Provincia,6,0532,12774
2026-06-01,Nocturna,Provincia,7,1761,12774
2026-06-01,Nocturna,Provincia,8,5404,12774
2026-06-01,Nocturna,Provincia,9,6994,12774
2026-06-01,Nocturna,Provincia,10,6740,12774
2026-06-01,Nocturna,Provincia,11,1817,12774
2026-06-01,Nocturna,Provincia,12,0499,12774
2026-06-01,Nocturna,Provincia,13,1314,12774
2026-06-01,Nocturna,Provincia,14,8858,12774
2026-06-01,Nocturna,Provincia,15,4818,12774
2026-06-01,Nocturna,Provincia,16,3793,12774
2026-06-01,Nocturna,Provincia,17,0571,12774
2026-06-01,Nocturna,Provincia,18,7068,12774
2026-06-01,Nocturna,Provincia,19,0360,12774
2026-06-01,Nocturna,Provincia,20,1357,12774
2026-06-02,Nocturna,Provincia,1,7528,12775
2026-06-02,Nocturna,Provincia,2,6306,12775
2026-06-02,Nocturna,Provincia,3,3283,12775
2026-06-02,Nocturna,Provincia,4,0081,12775
2026-06-02,Nocturna,Provincia,5,7926,12775
2026-06-02,Nocturna,Provincia,6,0744,12775
2026-06-02,Nocturna,Provincia,7,7006,12775
2026-06-02,Nocturna,Provincia,8,1089,12775
2026-06-02,Nocturna,Provincia,9,8449,12775
2026-06-02,Nocturna,Provincia,10,5011,12775
2026-06-02,Nocturna,Provincia,11,6408,12775
2026-06-02,Nocturna,Provincia,12,9528,12775
2026-06-02,Nocturna,Provincia,13,5681,12775
2026-06-02,Nocturna,Provincia,14,1711,12775
2026-06-02,Nocturna,Provincia,15,9010,12775
2026-06-02,Nocturna,Provincia,16,9052,12775
2026-06-02,Nocturna,Provincia,17,2449,12775
2026-06-02,Nocturna,Provincia,18,2432,12775
2026-06-02,Nocturna,Provincia,19,5125,12775
2026-06-02,Nocturna,Provincia,20,5625,12775
2026-06-03,Nocturna,Provincia,1,6951,12776
2026-06-03,Nocturna,Provincia,2,6219,12776
2026-06-03,Nocturna,Provincia,3,8282,12776
2026-06-03,Nocturna,Provincia,4,2297,12776
2026-06-03,Nocturna,Provincia,5,5997,12776
2026-06-03,Nocturna,Provincia,6,5177,12776
2026-06-03,Nocturna,Provincia,7,5059,12776
2026-06-03,Nocturna,Provincia,8,2918,12776
2026-06-03,Nocturna,Provincia,9,3728,12776
2026-06-03,Nocturna,Provincia,10,6433,12776
2026-06-03,Nocturna,Provincia,11,9231,12776
2026-06-03,Nocturna,Provincia,12,3442,12776
2026-06-03,Nocturna,Provincia,13,5789,12776
2026-06-03,Nocturna,Provincia,14,9713,12776
2026-06-03,Nocturna,Provincia,15,0755,12776
2026-06-03,Nocturna,Provincia,16,7365,12776
2026-06-03,Nocturna,Provincia,17,5072,12776
2026-06-03,Nocturna,Provincia,18,9141,12776
2026-06-03,Nocturna,Provincia,19,6548,12776
2026-06-03,Nocturna,Provincia,20,6631,12776
2026-06-04,Nocturna,Provincia,1,9441,12777
2026-06-04,Nocturna,Provincia,2,9512,12777
2026-06-04,Nocturna,Provincia,3,2967,12777
2026-06-04,Nocturna,Provincia,4,8964,12777
2026-06-04,Nocturna,Provincia,5,1394,12777
2026-06-04,Nocturna,Provincia,6,6716,12777
2026-06-04,Nocturna,Provincia,7,7939,12777
2026-06-04,Nocturna,Provincia,8,7599,12777
2026-06-04,Nocturna,Provincia,9,2902,12777
2026-06-04,Nocturna,Provincia,10,2125,12777
2026-06-04,Nocturna,Provincia,11,0012,12777
2026-06-04,Nocturna,Provincia,12,9157,12777
2026-06-04,Nocturna,Provincia,13,1504,12777
2026-06-04,Nocturna,Provincia,14,1987,12777
2026-06-04,Nocturna,Provincia,15,6331,12777
2026-06-04,Nocturna,Provincia,16,4544,12777
2026-06-04,Nocturna,Provincia,17,8280,12777
2026-06-04,Nocturna,Provincia,18,0488,12777
2026-06-04,Nocturna,Provincia,19,5394,12777
2026-06-04,Nocturna,Provincia,20,8187,12777
2026-06-05,Nocturna,Provincia,1,6500,12778
2026-06-05,Nocturna,Provincia,2,7995,12778
2026-06-05,Nocturna,Provincia,3,0235,12778
2026-06-05,Nocturna,Provincia,4,2992,12778
2026-06-05,Nocturna,Provincia,5,9850,12778
2026-06-05,Nocturna,Provincia,6,7639,12778
2026-06-05,Nocturna,Provincia,7,8325,12778
2026-06-05,Nocturna,Provincia,8,1955,12778
2026-06-05,Nocturna,Provincia,9,9417,12778
2026-06-05,Nocturna,Provincia,10,1564,12778
2026-06-05,Nocturna,Provincia,11,2930,12778
2026-06-05,Nocturna,Provincia,12,8238,12778
2026-06-05,Nocturna,Provincia,13,5690,12778
2026-06-05,Nocturna,Provincia,14,9511,12778
2026-06-05,Nocturna,Provincia,15,8011,12778
2026-06-05,Nocturna,Provincia,16,2237,12778
2026-06-05,Nocturna,Provincia,17,6258,12778
2026-06-05,Nocturna,Provincia,18,5344,12778
2026-06-05,Nocturna,Provincia,19,9572,12778
2026-06-05,Nocturna,Provincia,20,3237,12778
2026-06-06,Nocturna,Provincia,1,8602,12779
2026-06-06,Nocturna,Provincia,2,7622,12779
2026-06-06,Nocturna,Provincia,3,1414,12779
2026-06-06,Nocturna,Provincia,4,8955,12779
2026-06-06,Nocturna,Provincia,5,6319,12779
2026-06-06,Nocturna,Provincia,6,2585,12779
2026-06-06,Nocturna,Provincia,7,0439,12779
2026-06-06,Nocturna,Provincia,8,7793,12779
2026-06-06,Nocturna,Provincia,9,1550,12779
2026-06-06,Nocturna,Provincia,10,4967,12779
2026-06-06,Nocturna,Provincia,11,0907,12779
2026-06-06,Nocturna,Provincia,12,0563,12779
2026-06-06,Nocturna,Provincia,13,7480,12779
2026-06-06,Nocturna,Provincia,14,4406,12779
2026-06-06,Nocturna,Provincia,15,6387,12779
2026-06-06,Nocturna,Provincia,16,8748,12779
2026-06-06,Nocturna,Provincia,17,3839,12779
2026-06-06,Nocturna,Provincia,18,2532,12779
2026-06-06,Nocturna,Provincia,19,7419,12779
2026-06-06,Nocturna,Provincia,20,4538,12779
2026-06-08,Nocturna,Provincia,1,2226,12780
2026-06-08,Nocturna,Provincia,2,2047,12780
2026-06-08,Nocturna,Provincia,3,8228,12780
2026-06-08,Nocturna,Provincia,4,0539,12780
2026-06-08,Nocturna,Provincia,5,5959,12780
2026-06-08,Nocturna,Provincia,6,1839,12780
2026-06-08,Nocturna,Provincia,7,1699,12780
2026-06-08,Nocturna,Provincia,8,3167,12780
2026-06-08,Nocturna,Provincia,9,8134,12780
2026-06-08,Nocturna,Provincia,10,5636,12780
2026-06-08,Nocturna,Provincia,11,8928,12780
2026-06-08,Nocturna,Provincia,12,7083,12780
2026-06-08,Nocturna,Provincia,13,4495,12780
2026-06-08,Nocturna,Provincia,14,8926,12780
2026-06-08,Nocturna,Provincia,15,4630,12780
2026-06-08,Nocturna,Provincia,16,0859,12780
2026-06-08,Nocturna,Provincia,17,6938,12780
2026-06-08,Nocturna,Provincia,18,8170,12780
2026-06-08,Nocturna,Provincia,19,7799,12780
2026-06-08,Nocturna,Provincia,20,1784,12780
2026-06-09,Nocturna,Provincia,1,4746,12781
2026-06-09,Nocturna,Provincia,2,1884,12781
2026-06-09,Nocturna,Provincia,3,1721,12781
2026-06-09,Nocturna,Provincia,4,9720,12781
2026-06-09,Nocturna,Provincia,5,1093,12781
2026-06-09,Nocturna,Provincia,6,1748,12781
2026-06-09,Nocturna,Provincia,7,5327,12781
2026-06-09,Nocturna,Provincia,8,4229,12781
2026-06-09,Nocturna,Provincia,9,7297,12781
2026-06-09,Nocturna,Provincia,10,7726,12781
2026-06-09,Nocturna,Provincia,11,2096,12781
2026-06-09,Nocturna,Provincia,12,8060,12781
2026-06-09,Nocturna,Provincia,13,7268,12781
2026-06-09,Nocturna,Provincia,14,4177,12781
2026-06-09,Nocturna,Provincia,15,9752,12781
2026-06-09,Nocturna,Provincia,16,2328,12781
2026-06-09,Nocturna,Provincia,17,8679,12781
2026-06-09,Nocturna,Provincia,18,0421,12781
2026-06-09,Nocturna,Provincia,19,8380,12781
2026-06-09,Nocturna,Provincia,20,7172,12781
2026-06-10,Nocturna,Provincia,1,0695,12782
2026-06-10,Nocturna,Provincia,2,1995,12782
2026-06-10,Nocturna,Provincia,3,9375,12782
2026-06-10,Nocturna,Provincia,4,7721,12782
2026-06-10,Nocturna,Provincia,5,5231,12782
2026-06-10,Nocturna,Provincia,6,0573,12782
2026-06-10,Nocturna,Provincia,7,7460,12782
2026-06-10,Nocturna,Provincia,8,6725,12782
2026-06-10,Nocturna,Provincia,9,8535,12782
2026-06-10,Nocturna,Provincia,10,3221,12782
2026-06-10,Nocturna,Provincia,11,9663,12782
2026-06-10,Nocturna,Provincia,12,9373,12782
2026-06-10,Nocturna,Provincia,13,3976,12782
2026-06-10,Nocturna,Provincia,14,3769,12782
2026-06-10,Nocturna,Provincia,15,9577,12782
2026-06-10,Nocturna,Provincia,16,0412,12782
2026-06-10,Nocturna,Provincia,17,5242,12782
2026-06-10,Nocturna,Provincia,18,3259,12782
2026-06-10,Nocturna,Provincia,19,5714,12782
2026-06-10,Nocturna,Provincia,20,2610,12782
2026-06-11,Nocturna,Provincia,1,8322,12783
2026-06-11,Nocturna,Provincia,2,1973,12783
2026-06-11,Nocturna,Provincia,3,1595,12783
2026-06-11,Nocturna,Provincia,4,6861,12783
2026-06-11,Nocturna,Provincia,5,2784,12783
2026-06-11,Nocturna,Provincia,6,2433,12783
2026-06-11,Nocturna,Provincia,7,5279,12783
2026-06-11,Nocturna,Provincia,8,9565,12783
2026-06-11,Nocturna,Provincia,9,1903,12783
2026-06-11,Nocturna,Provincia,10,5263,12783
2026-06-11,Nocturna,Provincia,11,8806,12783
2026-06-11,Nocturna,Provincia,12,9485,12783
2026-06-11,Nocturna,Provincia,13,5898,12783
2026-06-11,Nocturna,Provincia,14,6128,12783
2026-06-11,Nocturna,Provincia,15,2306,12783
2026-06-11,Nocturna,Provincia,16,0420,12783
2026-06-11,Nocturna,Provincia,17,7194,12783
2026-06-11,Nocturna,Provincia,18,6972,12783
2026-06-11,Nocturna,Provincia,19,8552,12783
2026-06-11,Nocturna,Provincia,20,7814,12783
2026-06-12,Nocturna,Provincia,1,9688,12784
2026-06-12,Nocturna,Provincia,2,0294,12784
2026-06-12,Nocturna,Provincia,3,5866,12784
2026-06-12,Nocturna,Provincia,4,8071,12784
2026-06-12,Nocturna,Provincia,5,1270,12784
2026-06-12,Nocturna,Provincia,6,1964,12784
2026-06-12,Nocturna,Provincia,7,6379,12784
2026-06-12,Nocturna,Provincia,8,7092,12784
2026-06-12,Nocturna,Provincia,9,2914,12784
2026-06-12,Nocturna,Provincia,10,6597,12784
2026-06-12,Nocturna,Provincia,11,1539,12784
2026-06-12,Nocturna,Provincia,12,5155,12784
2026-06-12,Nocturna,Provincia,13,1013,12784
2026-06-12,Nocturna,Provincia,14,4902,12784
2026-06-12,Nocturna,Provincia,15,0956,12784
2026-06-12,Nocturna,Provincia,16,3190,12784
2026-06-12,Nocturna,Provincia,17,1631,12784
2026-06-12,Nocturna,Provincia,18,0990,12784
2026-06-12,Nocturna,Provincia,19,8398,12784
2026-06-12,Nocturna,Provincia,20,4797,12784
2026-06-13,Nocturna,Provincia,1,5841,12785
2026-06-13,Nocturna,Provincia,2,5954,12785
2026-06-13,Nocturna,Provincia,3,5746,12785
2026-06-13,Nocturna,Provincia,4,0019,12785
2026-06-13,Nocturna,Provincia,5,2917,12785
2026-06-13,Nocturna,Provincia,6,0880,12785
2026-06-13,Nocturna,Provincia,7,4247,12785
2026-06-13,Nocturna,Provincia,8,0721,12785
2026-06-13,Nocturna,Provincia,9,4642,12785
2026-06-13,Nocturna,Provincia,10,0725,12785
2026-06-13,Nocturna,Provincia,11,6356,12785
2026-06-13,Nocturna,Provincia,12,8761,12785
2026-06-13,Nocturna,Provincia,13,4831,12785
2026-06-13,Nocturna,Provincia,14,7289,12785
2026-06-13,Nocturna,Provincia,15,6897,12785
2026-06-13,Nocturna,Provincia,16,7567,12785
2026-06-13,Nocturna,Provincia,17,1680,12785
2026-06-13,Nocturna,Provincia,18,4452,12785
2026-06-13,Nocturna,Provincia,19,2263,12785
2026-06-13,Nocturna,Provincia,20,6082,12785
2026-06-15,Nocturna,Provincia,1,7936,12786
2026-06-15,Nocturna,Provincia,2,3199,12786
2026-06-15,Nocturna,Provincia,3,2088,12786
2026-06-15,Nocturna,Provincia,4,7992,12786
2026-06-15,Nocturna,Provincia,5,7699,12786
2026-06-15,Nocturna,Provincia,6,3902,12786
2026-06-15,Nocturna,Provincia,7,6929,12786
2026-06-15,Nocturna,Provincia,8,2948,12786
2026-06-15,Nocturna,Provincia,9,0342,12786
2026-06-15,Nocturna,Provincia,10,0285,12786
2026-06-15,Nocturna,Provincia,11,5933,12786
2026-06-15,Nocturna,Provincia,12,7744,12786
2026-06-15,Nocturna,Provincia,13,8725,12786
2026-06-15,Nocturna,Provincia,14,6089,12786
2026-06-15,Nocturna,Provincia,15,0991,12786
2026-06-15,Nocturna,Provincia,16,2342,12786
2026-06-15,Nocturna,Provincia,17,3627,12786
2026-06-15,Nocturna,Provincia,18,4924,12786
2026-06-15,Nocturna,Provincia,19,3982,12786
2026-06-15,Nocturna,Provincia,20,9499,12786
2026-06-16,Nocturna,Provincia,1,7974,12787
2026-06-16,Nocturna,Provincia,2,3700,12787
2026-06-16,Nocturna,Provincia,3,0197,12787
2026-06-16,Nocturna,Provincia,4,7229,12787
2026-06-16,Nocturna,Provincia,5,6735,12787
2026-06-16,Nocturna,Provincia,6,7044,12787
2026-06-16,Nocturna,Provincia,7,5251,12787
2026-06-16,Nocturna,Provincia,8,9901,12787
2026-06-16,Nocturna,Provincia,9,3385,12787
2026-06-16,Nocturna,Provincia,10,9199,12787
2026-06-16,Nocturna,Provincia,11,6196,12787
2026-06-16,Nocturna,Provincia,12,2156,12787
2026-06-16,Nocturna,Provincia,13,0653,12787
2026-06-16,Nocturna,Provincia,14,2255,12787
2026-06-16,Nocturna,Provincia,15,1533,12787
2026-06-16,Nocturna,Provincia,16,4989,12787
2026-06-16,Nocturna,Provincia,17,5531,12787
2026-06-16,Nocturna,Provincia,18,1813,12787
2026-06-16,Nocturna,Provincia,19,2919,12787
2026-06-16,Nocturna,Provincia,20,9494,12787
2026-06-17,Nocturna,Provincia,1,3074,12788
2026-06-17,Nocturna,Provincia,2,3702,12788
2026-06-17,Nocturna,Provincia,3,2126,12788
2026-06-17,Nocturna,Provincia,4,5269,12788
2026-06-17,Nocturna,Provincia,5,4436,12788
2026-06-17,Nocturna,Provincia,6,7132,12788
2026-06-17,Nocturna,Provincia,7,6167,12788
2026-06-17,Nocturna,Provincia,8,2483,12788
2026-06-17,Nocturna,Provincia,9,3561,12788
2026-06-17,Nocturna,Provincia,10,1151,12788
2026-06-17,Nocturna,Provincia,11,0780,12788
2026-06-17,Nocturna,Provincia,12,2171,12788
2026-06-17,Nocturna,Provincia,13,5150,12788
2026-06-17,Nocturna,Provincia,14,2009,12788
2026-06-17,Nocturna,Provincia,15,3334,12788
2026-06-17,Nocturna,Provincia,16,1451,12788
2026-06-17,Nocturna,Provincia,17,8157,12788
2026-06-17,Nocturna,Provincia,18,7322,12788
2026-06-17,Nocturna,Provincia,19,6498,12788
2026-06-17,Nocturna,Provincia,20,7942,12788
2026-06-18,Nocturna,Provincia,1,6621,12789
2026-06-18,Nocturna,Provincia,2,7869,12789
2026-06-18,Nocturna,Provincia,3,2137,12789
2026-06-18,Nocturna,Provincia,4,9913,12789
2026-06-18,Nocturna,Provincia,5,6146,12789
2026-06-18,Nocturna,Provincia,6,4496,12789
2026-06-18,Nocturna,Provincia,7,2645,12789
2026-06-18,Nocturna,Provincia,8,4027,12789
2026-06-18,Nocturna,Provincia,9,2489,12789
2026-06-18,Nocturna,Provincia,10,7621,12789
2026-06-18,Nocturna,Provincia,11,6864,12789
2026-06-18,Nocturna,Provincia,12,1657,12789
2026-06-18,Nocturna,Provincia,13,9798,12789
2026-06-18,Nocturna,Provincia,14,4627,12789
2026-06-18,Nocturna,Provincia,15,1999,12789
2026-06-18,Nocturna,Provincia,16,0872,12789
2026-06-18,Nocturna,Provincia,17,3928,12789
2026-06-18,Nocturna,Provincia,18,4243,12789
2026-06-18,Nocturna,Provincia,19,2606,12789
2026-06-18,Nocturna,Provincia,20,3182,12789
2026-06-19,Nocturna,Provincia,1,7601,12790
2026-06-19,Nocturna,Provincia,2,8159,12790
2026-06-19,Nocturna,Provincia,3,8026,12790
2026-06-19,Nocturna,Provincia,4,7151,12790
2026-06-19,Nocturna,Provincia,5,9522,12790
2026-06-19,Nocturna,Provincia,6,9377,12790
2026-06-19,Nocturna,Provincia,7,3113,12790
2026-06-19,Nocturna,Provincia,8,1665,12790
2026-06-19,Nocturna,Provincia,9,5484,12790
2026-06-19,Nocturna,Provincia,10,7977,12790
2026-06-19,Nocturna,Provincia,11,4786,12790
2026-06-19,Nocturna,Provincia,12,5583,12790
2026-06-19,Nocturna,Provincia,13,0463,12790
2026-06-19,Nocturna,Provincia,14,0226,12790
2026-06-19,Nocturna,Provincia,15,1967,12790
2026-06-19,Nocturna,Provincia,16,1660,12790
2026-06-19,Nocturna,Provincia,17,6193,12790
2026-06-19,Nocturna,Provincia,18,4194,12790
2026-06-19,Nocturna,Provincia,19,1967,12790
2026-06-19,Nocturna,Provincia,20,9340,12790
2026-06-22,Nocturna,Provincia,1,6594,12791
2026-06-22,Nocturna,Provincia,2,7191,12791
2026-06-22,Nocturna,Provincia,3,0613,12791
2026-06-22,Nocturna,Provincia,4,2829,12791
2026-06-22,Nocturna,Provincia,5,7804,12791
2026-06-22,Nocturna,Provincia,6,6234,12791
2026-06-22,Nocturna,Provincia,7,8135,12791
2026-06-22,Nocturna,Provincia,8,6311,12791
2026-06-22,Nocturna,Provincia,9,3920,12791
2026-06-22,Nocturna,Provincia,10,2080,12791
2026-06-22,Nocturna,Provincia,11,5934,12791
2026-06-22,Nocturna,Provincia,12,7528,12791
2026-06-22,Nocturna,Provincia,13,2966,12791
2026-06-22,Nocturna,Provincia,14,3453,12791
2026-06-22,Nocturna,Provincia,15,2577,12791
2026-06-22,Nocturna,Provincia,16,5650,12791
2026-06-22,Nocturna,Provincia,17,7342,12791
2026-06-22,Nocturna,Provincia,18,5491,12791
2026-06-22,Nocturna,Provincia,19,9789,12791
2026-06-22,Nocturna,Provincia,20,3146,12791
2026-06-23,Nocturna,Provincia,1,2771,12792
2026-06-23,Nocturna,Provincia,2,4769,12792
2026-06-23,Nocturna,Provincia,3,7558,12792
2026-06-23,Nocturna,Provincia,4,3820,12792
2026-06-23,Nocturna,Provincia,5,6921,12792
2026-06-23,Nocturna,Provincia,6,2841,12792
2026-06-23,Nocturna,Provincia,7,5353,12792
2026-06-23,Nocturna,Provincia,8,5174,12792
2026-06-23,Nocturna,Provincia,9,4830,12792
2026-06-23,Nocturna,Provincia,10,1680,12792
2026-06-23,Nocturna,Provincia,11,7533,12792
2026-06-23,Nocturna,Provincia,12,5066,12792
2026-06-23,Nocturna,Provincia,13,0306,12792
2026-06-23,Nocturna,Provincia,14,3985,12792
2026-06-23,Nocturna,Provincia,15,8773,12792
2026-06-23,Nocturna,Provincia,16,7056,12792
2026-06-23,Nocturna,Provincia,17,2881,12792
2026-06-23,Nocturna,Provincia,18,4767,12792
2026-06-23,Nocturna,Provincia,19,1950,12792
2026-06-23,Nocturna,Provincia,20,1741,12792
2026-06-24,Nocturna,Provincia,1,9566,12793
2026-06-24,Nocturna,Provincia,2,4438,12793
2026-06-24,Nocturna,Provincia,3,3671,12793
2026-06-24,Nocturna,Provincia,4,1713,12793
2026-06-24,Nocturna,Provincia,5,5864,12793
2026-06-24,Nocturna,Provincia,6,5708,12793
2026-06-24,Nocturna,Provincia,7,9889,12793
2026-06-24,Nocturna,Provincia,8,4584,12793
2026-06-24,Nocturna,Provincia,9,1360,12793
2026-06-24,Nocturna,Provincia,10,1583,12793
2026-06-24,Nocturna,Provincia,11,8021,12793
2026-06-24,Nocturna,Provincia,12,2137,12793
2026-06-24,Nocturna,Provincia,13,4963,12793
2026-06-24,Nocturna,Provincia,14,4331,12793
2026-06-24,Nocturna,Provincia,15,0307,12793
2026-06-24,Nocturna,Provincia,16,3243,12793
2026-06-24,Nocturna,Provincia,17,5207,12793
2026-06-24,Nocturna,Provincia,18,5340,12793
2026-06-24,Nocturna,Provincia,19,1449,12793
2026-06-24,Nocturna,Provincia,20,2839,12793
2026-06-25,Nocturna,Provincia,1,9020,12794
2026-06-25,Nocturna,Provincia,2,8729,12794
2026-06-25,Nocturna,Provincia,3,6499,12794
2026-06-25,Nocturna,Provincia,4,4175,12794
2026-06-25,Nocturna,Provincia,5,5056,12794
2026-06-25,Nocturna,Provincia,6,3121,12794
2026-06-25,Nocturna,Provincia,7,5935,12794
2026-06-25,Nocturna,Provincia,8,3811,12794
2026-06-25,Nocturna,Provincia,9,2858,12794
2026-06-25,Nocturna,Provincia,10,6292,12794
2026-06-25,Nocturna,Provincia,11,3444,12794
2026-06-25,Nocturna,Provincia,12,3954,12794
2026-06-25,Nocturna,Provincia,13,3162,12794
2026-06-25,Nocturna,Provincia,14,5912,12794
2026-06-25,Nocturna,Provincia,15,0010,12794
2026-06-25,Nocturna,Provincia,16,3650,12794
2026-06-25,Nocturna,Provincia,17,3006,12794
2026-06-25,Nocturna,Provincia,18,0995,12794
2026-06-25,Nocturna,Provincia,19,6709,12794
2026-06-25,Nocturna,Provincia,20,7208,12794
2026-06-26,Nocturna,Provincia,1,0090,12795
2026-06-26,Nocturna,Provincia,2,9834,12795
2026-06-26,Nocturna,Provincia,3,8265,12795
2026-06-26,Nocturna,Provincia,4,1071,12795
2026-06-26,Nocturna,Provincia,5,1955,12795
2026-06-26,Nocturna,Provincia,6,4972,12795
2026-06-26,Nocturna,Provincia,7,9395,12795
2026-06-26,Nocturna,Provincia,8,1698,12795
2026-06-26,Nocturna,Provincia,9,2732,12795
2026-06-26,Nocturna,Provincia,10,3567,12795
2026-06-26,Nocturna,Provincia,11,6022,12795
2026-06-26,Nocturna,Provincia,12,5921,12795
2026-06-26,Nocturna,Provincia,13,5936,12795
2026-06-26,Nocturna,Provincia,14,3155,12795
2026-06-26,Nocturna,Provincia,15,3250,12795
2026-06-26,Nocturna,Provincia,16,2230,12795
2026-06-26,Nocturna,Provincia,17,3567,12795
2026-06-26,Nocturna,Provincia,18,7616,12795
2026-06-26,Nocturna,Provincia,19,9364,12795
2026-06-26,Nocturna,Provincia,20,5236,12795
2026-06-27,Nocturna,Provincia,1,1281,12796
2026-06-27,Nocturna,Provincia,2,5870,12796
2026-06-27,Nocturna,Provincia,3,8321,12796
2026-06-27,Nocturna,Provincia,4,9856,12796
2026-06-27,Nocturna,Provincia,5,9323,12796
2026-06-27,Nocturna,Provincia,6,5440,12796
2026-06-27,Nocturna,Provincia,7,9888,12796
2026-06-27,Nocturna,Provincia,8,9258,12796
2026-06-27,Nocturna,Provincia,9,1521,12796
2026-06-27,Nocturna,Provincia,10,6028,12796
2026-06-27,Nocturna,Provincia,11,5038,12796
2026-06-27,Nocturna,Provincia,12,6038,12796
2026-06-27,Nocturna,Provincia,13,8056,12796
2026-06-27,Nocturna,Provincia,14,8691,12796
2026-06-27,Nocturna,Provincia,15,0297,12796
2026-06-27,Nocturna,Provincia,16,2872,12796
2026-06-27,Nocturna,Provincia,17,1671,12796
2026-06-27,Nocturna,Provincia,18,9331,12796
2026-06-27,Nocturna,Provincia,19,0152,12796
2026-06-27,Nocturna,Provincia,20,6003,12796
2026-06-29,Nocturna,Provincia,1,8347,12797
2026-06-29,Nocturna,Provincia,2,3301,12797
2026-06-29,Nocturna,Provincia,3,8172,12797
2026-06-29,Nocturna,Provincia,4,4257,12797
2026-06-29,Nocturna,Provincia,5,5754,12797
2026-06-29,Nocturna,Provincia,6,4294,12797
2026-06-29,Nocturna,Provincia,7,0195,12797
2026-06-29,Nocturna,Provincia,8,8915,12797
2026-06-29,Nocturna,Provincia,9,8140,12797
2026-06-29,Nocturna,Provincia,10,6108,12797
2026-06-29,Nocturna,Provincia,11,2481,12797
2026-06-29,Nocturna,Provincia,12,1135,12797
2026-06-29,Nocturna,Provincia,13,1959,12797
2026-06-29,Nocturna,Provincia,14,9228,12797
2026-06-29,Nocturna,Provincia,15,3196,12797
2026-06-29,Nocturna,Provincia,16,9907,12797
2026-06-29,Nocturna,Provincia,17,1560,12797
2026-06-29,Nocturna,Provincia,18,8136,12797
2026-06-29,Nocturna,Provincia,19,2033,12797
2026-06-29,Nocturna,Provincia,20,0450,12797
2026-06-30,Nocturna,Provincia,1,5992,12798
2026-06-30,Nocturna,Provincia,2,6994,12798
2026-06-30,Nocturna,Provincia,3,9918,12798
2026-06-30,Nocturna,Provincia,4,6746,12798
2026-06-30,Nocturna,Provincia,5,5595,12798
2026-06-30,Nocturna,Provincia,6,8412,12798
2026-06-30,Nocturna,Provincia,7,7451,12798
2026-06-30,Nocturna,Provincia,8,1952,12798
2026-06-30,Nocturna,Provincia,9,3139,12798
2026-06-30,Nocturna,Provincia,10,0684,12798
2026-06-30,Nocturna,Provincia,11,7383,12798
2026-06-30,Nocturna,Provincia,12,2972,12798
2026-06-30,Nocturna,Provincia,13,1131,12798
2026-06-30,Nocturna,Provincia,14,6403,12798
2026-06-30,Nocturna,Provincia,15,5508,12798
2026-06-30,Nocturna,Provincia,16,2081,12798
2026-06-30,Nocturna,Provincia,17,9899,12798
2026-06-30,Nocturna,Provincia,18,6484,12798
2026-06-30,Nocturna,Provincia,19,5360,12798
2026-06-30,Nocturna,Provincia,20,7522,12798
2026-07-01,Nocturna,Provincia,1,5573,12799
2026-07-01,Nocturna,Provincia,2,9774,12799
2026-07-01,Nocturna,Provincia,3,9832,12799
2026-07-01,Nocturna,Provincia,4,0105,12799
2026-07-01,Nocturna,Provincia,5,8784,12799
2026-07-01,Nocturna,Provincia,6,7667,12799
2026-07-01,Nocturna,Provincia,7,1218,12799
2026-07-01,Nocturna,Provincia,8,5001,12799
2026-07-01,Nocturna,Provincia,9,1765,12799
2026-07-01,Nocturna,Provincia,10,2710,12799
2026-07-01,Nocturna,Provincia,11,3080,12799
2026-07-01,Nocturna,Provincia,12,4139,12799
2026-07-01,Nocturna,Provincia,13,1558,12799
2026-07-01,Nocturna,Provincia,14,4540,12799
2026-07-01,Nocturna,Provincia,15,1070,12799
2026-07-01,Nocturna,Provincia,16,5327,12799
2026-07-01,Nocturna,Provincia,17,9790,12799
2026-07-01,Nocturna,Provincia,18,3973,12799
2026-07-01,Nocturna,Provincia,19,5295,12799
2026-07-01,Nocturna,Provincia,20,9605,12799
2026-07-02,Nocturna,Provincia,1,6663,12800
2026-07-02,Nocturna,Provincia,2,8535,12800
2026-07-02,Nocturna,Provincia,3,6088,12800
2026-07-02,Nocturna,Provincia,4,2777,12800
2026-07-02,Nocturna,Provincia,5,3902,12800
2026-07-02,Nocturna,Provincia,6,1343,12800
2026-07-02,Nocturna,Provincia,7,1710,12800
2026-07-02,Nocturna,Provincia,8,6836,12800
2026-07-02,Nocturna,Provincia,9,4690,12800
2026-07-02,Nocturna,Provincia,10,4137,12800
2026-07-02,Nocturna,Provincia,11,6165,12800
2026-07-02,Nocturna,Provincia,12,0212,12800
2026-07-02,Nocturna,Provincia,13,5615,12800
2026-07-02,Nocturna,Provincia,14,5582,12800
2026-07-02,Nocturna,Provincia,15,2402,12800
2026-07-02,Nocturna,Provincia,16,4023,12800
2026-07-02,Nocturna,Provincia,17,1518,12800
2026-07-02,Nocturna,Provincia,18,4970,12800
2026-07-02,Nocturna,Provincia,19,5531,12800
2026-07-02,Nocturna,Provincia,20,9838,12800
2026-07-03,Nocturna,Provincia,1,8778,12801
2026-07-03,Nocturna,Provincia,2,1033,12801
2026-07-03,Nocturna,Provincia,3,9324,12801
2026-07-03,Nocturna,Provincia,4,2333,12801
2026-07-03,Nocturna,Provincia,5,5290,12801
2026-07-03,Nocturna,Provincia,6,0432,12801
2026-07-03,Nocturna,Provincia,7,4973,12801
2026-07-03,Nocturna,Provincia,8,2285,12801
2026-07-03,Nocturna,Provincia,9,5413,12801
2026-07-03,Nocturna,Provincia,10,6986,12801
2026-07-03,Nocturna,Provincia,11,1136,12801
2026-07-03,Nocturna,Provincia,12,7239,12801
2026-07-03,Nocturna,Provincia,13,1802,12801
2026-07-03,Nocturna,Provincia,14,8500,12801
2026-07-03,Nocturna,Provincia,15,0630,12801
2026-07-03,Nocturna,Provincia,16,8089,12801
2026-07-03,Nocturna,Provincia,17,6184,12801
2026-07-03,Nocturna,Provincia,18,1751,12801
2026-07-03,Nocturna,Provincia,19,3936,12801
2026-07-03,Nocturna,Provincia,20,7067,12801
2026-07-04,Nocturna,Provincia,1,3494,12802
2026-07-04,Nocturna,Provincia,2,5551,12802
2026-07-04,Nocturna,Provincia,3,4281,12802
2026-07-04,Nocturna,Provincia,4,7133,12802
2026-07-04,Nocturna,Provincia,5,2839,12802
2026-07-04,Nocturna,Provincia,6,6822,12802
2026-07-04,Nocturna,Provincia,7,4955,12802
2026-07-04,Nocturna,Provincia,8,5983,12802
2026-07-04,Nocturna,Provincia,9,9387,12802
2026-07-04,Nocturna,Provincia,10,3430,12802
2026-07-04,Nocturna,Provincia,11,4428,12802
2026-07-04,Nocturna,Provincia,12,0057,12802
2026-07-04,Nocturna,Provincia,13,3754,12802
2026-07-04,Nocturna,Provincia,14,0088,12802
2026-07-04,Nocturna,Provincia,15,5630,12802
2026-07-04,Nocturna,Provincia,16,5385,12802
2026-07-04,Nocturna,Provincia,17,3142,12802
2026-07-04,Nocturna,Provincia,18,1082,12802
2026-07-04,Nocturna,Provincia,19,8753,12802
2026-07-04,Nocturna,Provincia,20,4229,12802
2026-07-06,Nocturna,Provincia,1,1409,12803
2026-07-06,Nocturna,Provincia,2,0101,12803
2026-07-06,Nocturna,Provincia,3,9385,12803
2026-07-06,Nocturna,Provincia,4,0278,12803
2026-07-06,Nocturna,Provincia,5,1727,12803
2026-07-06,Nocturna,Provincia,6,0333,12803
2026-07-06,Nocturna,Provincia,7,2049,12803
2026-07-06,Nocturna,Provincia,8,7345,12803
2026-07-06,Nocturna,Provincia,9,2245,12803
2026-07-06,Nocturna,Provincia,10,8985,12803
2026-07-06,Nocturna,Provincia,11,4134,12803
2026-07-06,Nocturna,Provincia,12,6556,12803
2026-07-06,Nocturna,Provincia,13,7010,12803
2026-07-06,Nocturna,Provincia,14,2138,12803
2026-07-06,Nocturna,Provincia,15,2466,12803
2026-07-06,Nocturna,Provincia,16,4484,12803
2026-07-06,Nocturna,Provincia,17,2098,12803
2026-07-06,Nocturna,Provincia,18,4234,12803
2026-07-06,Nocturna,Provincia,19,3921,12803
2026-07-06,Nocturna,Provincia,20,8282,12803
2026-07-07,Nocturna,Provincia,1,6628,12804
2026-07-07,Nocturna,Provincia,2,9033,12804
2026-07-07,Nocturna,Provincia,3,8329,12804
2026-07-07,Nocturna,Provincia,4,8807,12804
2026-07-07,Nocturna,Provincia,5,6064,12804
2026-07-07,Nocturna,Provincia,6,9665,12804
2026-07-07,Nocturna,Provincia,7,7280,12804
2026-07-07,Nocturna,Provincia,8,5245,12804
2026-07-07,Nocturna,Provincia,9,3472,12804
2026-07-07,Nocturna,Provincia,10,4177,12804
2026-07-07,Nocturna,Provincia,11,8075,12804
2026-07-07,Nocturna,Provincia,12,2627,12804
2026-07-07,Nocturna,Provincia,13,8487,12804
2026-07-07,Nocturna,Provincia,14,0550,12804
2026-07-07,Nocturna,Provincia,15,2945,12804
2026-07-07,Nocturna,Provincia,16,7725,12804
2026-07-07,Nocturna,Provincia,17,3524,12804
2026-07-07,Nocturna,Provincia,18,7022,12804
2026-07-07,Nocturna,Provincia,19,6692,12804
2026-07-07,Nocturna,Provincia,20,8495,12804
2026-07-08,Nocturna,Provincia,1,5071,12805
2026-07-08,Nocturna,Provincia,2,9566,12805
2026-07-08,Nocturna,Provincia,3,5516,12805
2026-07-08,Nocturna,Provincia,4,0466,12805
2026-07-08,Nocturna,Provincia,5,4839,12805
2026-07-08,Nocturna,Provincia,6,4455,12805
2026-07-08,Nocturna,Provincia,7,8475,12805
2026-07-08,Nocturna,Provincia,8,9329,12805
2026-07-08,Nocturna,Provincia,9,1048,12805
2026-07-08,Nocturna,Provincia,10,1006,12805
2026-07-08,Nocturna,Provincia,11,1733,12805
2026-07-08,Nocturna,Provincia,12,3502,12805
2026-07-08,Nocturna,Provincia,13,1428,12805
2026-07-08,Nocturna,Provincia,14,3040,12805
2026-07-08,Nocturna,Provincia,15,8276,12805
2026-07-08,Nocturna,Provincia,16,5595,12805
2026-07-08,Nocturna,Provincia,17,8628,12805
2026-07-08,Nocturna,Provincia,18,7575,12805
2026-07-08,Nocturna,Provincia,19,4043,12805
2026-07-08,Nocturna,Provincia,20,3734,12805
2026-07-10,Nocturna,Provincia,1,8242,12806
2026-07-10,Nocturna,Provincia,2,2852,12806
2026-07-10,Nocturna,Provincia,3,2543,12806
2026-07-10,Nocturna,Provincia,4,1461,12806
2026-07-10,Nocturna,Provincia,5,1047,12806
2026-07-10,Nocturna,Provincia,6,0567,12806
2026-07-10,Nocturna,Provincia,7,9400,12806
2026-07-10,Nocturna,Provincia,8,1454,12806
2026-07-10,Nocturna,Provincia,9,8252,12806
2026-07-10,Nocturna,Provincia,10,0505,12806
2026-07-10,Nocturna,Provincia,11,8456,12806
2026-07-10,Nocturna,Provincia,12,6368,12806
2026-07-10,Nocturna,Provincia,13,0990,12806
2026-07-10,Nocturna,Provincia,14,6081,12806
2026-07-10,Nocturna,Provincia,15,3454,12806
2026-07-10,Nocturna,Provincia,16,4697,12806
2026-07-10,Nocturna,Provincia,17,8391,12806
2026-07-10,Nocturna,Provincia,18,0585,12806
2026-07-10,Nocturna,Provincia,19,5327,12806
2026-07-10,Nocturna,Provincia,20,7451,12806
2026-07-11,Nocturna,Provincia,1,5253,12807
2026-07-11,Nocturna,Provincia,2,0194,12807
2026-07-11,Nocturna,Provincia,3,4736,12807
2026-07-11,Nocturna,Provincia,4,8169,12807
2026-07-11,Nocturna,Provincia,5,5072,12807
2026-07-11,Nocturna,Provincia,6,3519,12807
2026-07-11,Nocturna,Provincia,7,9317,12807
2026-07-11,Nocturna,Provincia,8,7721,12807
2026-07-11,Nocturna,Provincia,9,6516,12807
2026-07-11,Nocturna,Provincia,10,6044,12807
2026-07-11,Nocturna,Provincia,11,6361,12807
2026-07-11,Nocturna,Provincia,12,6223,12807
2026-07-11,Nocturna,Provincia,13,0871,12807
2026-07-11,Nocturna,Provincia,14,3380,12807
2026-07-11,Nocturna,Provincia,15,9764,12807
2026-07-11,Nocturna,Provincia,16,0858,12807
2026-07-11,Nocturna,Provincia,17,6596,12807
2026-07-11,Nocturna,Provincia,18,2479,12807
2026-07-11,Nocturna,Provincia,19,5594,12807
2026-07-11,Nocturna,Provincia,20,4635,12807
2026-07-13,Nocturna,Provincia,1,0552,12808
2026-07-13,Nocturna,Provincia,2,3589,12808
2026-07-13,Nocturna,Provincia,3,5559,12808
2026-07-13,Nocturna,Provincia,4,5492,12808
2026-07-13,Nocturna,Provincia,5,7389,12808
2026-07-13,Nocturna,Provincia,6,1459,12808
2026-07-13,Nocturna,Provincia,7,1961,12808
2026-07-13,Nocturna,Provincia,8,1261,12808
2026-07-13,Nocturna,Provincia,9,3964,12808
2026-07-13,Nocturna,Provincia,10,4177,12808
2026-07-13,Nocturna,Provincia,11,4393,12808
2026-07-13,Nocturna,Provincia,12,4579,12808
2026-07-13,Nocturna,Provincia,13,1385,12808
2026-07-13,Nocturna,Provincia,14,5790,12808
2026-07-13,Nocturna,Provincia,15,7724,12808
2026-07-13,Nocturna,Provincia,16,3569,12808
2026-07-13,Nocturna,Provincia,17,3984,12808
2026-07-13,Nocturna,Provincia,18,7219,12808
2026-07-13,Nocturna,Provincia,19,8929,12808
2026-07-13,Nocturna,Provincia,20,8280,12808
2026-07-14,Nocturna,Provincia,1,2616,12809
2026-07-14,Nocturna,Provincia,2,8873,12809
2026-07-14,Nocturna,Provincia,3,6129,12809
2026-07-14,Nocturna,Provincia,4,7508,12809
2026-07-14,Nocturna,Provincia,5,1554,12809
2026-07-14,Nocturna,Provincia,6,0003,12809
2026-07-14,Nocturna,Provincia,7,8170,12809
2026-07-14,Nocturna,Provincia,8,6258,12809
2026-07-14,Nocturna,Provincia,9,3538,12809
2026-07-14,Nocturna,Provincia,10,1682,12809
2026-07-14,Nocturna,Provincia,11,4795,12809
2026-07-14,Nocturna,Provincia,12,7847,12809
2026-07-14,Nocturna,Provincia,13,7381,12809
2026-07-14,Nocturna,Provincia,14,8978,12809
2026-07-14,Nocturna,Provincia,15,9564,12809
2026-07-14,Nocturna,Provincia,16,1356,12809
2026-07-14,Nocturna,Provincia,17,5323,12809
2026-07-14,Nocturna,Provincia,18,7736,12809
2026-07-14,Nocturna,Provincia,19,3250,12809
2026-07-14,Nocturna,Provincia,20,1217,12809
2026-07-15,Nocturna,Provincia,1,1771,12810
2026-07-15,Nocturna,Provincia,2,7521,12810
2026-07-15,Nocturna,Provincia,3,5883,12810
2026-07-15,Nocturna,Provincia,4,2882,12810
2026-07-15,Nocturna,Provincia,5,1823,12810
2026-07-15,Nocturna,Provincia,6,4601,12810
2026-07-15,Nocturna,Provincia,7,6561,12810
2026-07-15,Nocturna,Provincia,8,7180,12810
2026-07-15,Nocturna,Provincia,9,0425,12810
2026-07-15,Nocturna,Provincia,10,1339,12810
2026-07-15,Nocturna,Provincia,11,3321,12810
2026-07-15,Nocturna,Provincia,12,5755,12810
2026-07-15,Nocturna,Provincia,13,2739,12810
2026-07-15,Nocturna,Provincia,14,5133,12810
2026-07-15,Nocturna,Provincia,15,7385,12810
2026-07-15,Nocturna,Provincia,16,4057,12810
2026-07-15,Nocturna,Provincia,17,2179,12810
2026-07-15,Nocturna,Provincia,18,7277,12810
2026-07-15,Nocturna,Provincia,19,2184,12810
2026-07-15,Nocturna,Provincia,20,6003,12810
2026-07-16,Nocturna,Provincia,1,8459,12811
2026-07-16,Nocturna,Provincia,2,8171,12811
2026-07-16,Nocturna,Provincia,3,6860,12811
2026-07-16,Nocturna,Provincia,4,2604,12811
2026-07-16,Nocturna,Provincia,5,5052,12811
2026-07-16,Nocturna,Provincia,6,3695,12811
2026-07-16,Nocturna,Provincia,7,9081,12811
2026-07-16,Nocturna,Provincia,8,1976,12811
2026-07-16,Nocturna,Provincia,9,6112,12811
2026-07-16,Nocturna,Provincia,10,9480,12811
2026-07-16,Nocturna,Provincia,11,1964,12811
2026-07-16,Nocturna,Provincia,12,6670,12811
2026-07-16,Nocturna,Provincia,13,7169,12811
2026-07-16,Nocturna,Provincia,14,1986,12811
2026-07-16,Nocturna,Provincia,15,9096,12811
2026-07-16,Nocturna,Provincia,16,4220,12811
2026-07-16,Nocturna,Provincia,17,5829,12811
2026-07-16,Nocturna,Provincia,18,0821,12811
2026-07-16,Nocturna,Provincia,19,6706,12811
2026-07-16,Nocturna,Provincia,20,2543,12811
2026-07-17,Nocturna,Provincia,1,1703,12812
2026-07-17,Nocturna,Provincia,2,9676,12812
2026-07-17,Nocturna,Provincia,3,3227,12812
2026-07-17,Nocturna,Provincia,4,9334,12812
2026-07-17,Nocturna,Provincia,5,2752,12812
2026-07-17,Nocturna,Provincia,6,1691,12812
2026-07-17,Nocturna,Provincia,7,3195,12812
2026-07-17,Nocturna,Provincia,8,6340,12812
2026-07-17,Nocturna,Provincia,9,9310,12812
2026-07-17,Nocturna,Provincia,10,6845,12812
2026-07-17,Nocturna,Provincia,11,1253,12812
2026-07-17,Nocturna,Provincia,12,5514,12812
2026-07-17,Nocturna,Provincia,13,6060,12812
2026-07-17,Nocturna,Provincia,14,3429,12812
2026-07-17,Nocturna,Provincia,15,8326,12812
2026-07-17,Nocturna,Provincia,16,9592,12812
2026-07-17,Nocturna,Provincia,17,2235,12812
2026-07-17,Nocturna,Provincia,18,0588,12812
2026-07-17,Nocturna,Provincia,19,5601,12812
2026-07-17,Nocturna,Provincia,20,2334,12812
2026-07-18,Nocturna,Provincia,1,1455,12813
2026-07-18,Nocturna,Provincia,2,0046,12813
2026-07-18,Nocturna,Provincia,3,3056,12813
2026-07-18,Nocturna,Provincia,4,6273,12813
2026-07-18,Nocturna,Provincia,5,9572,12813
2026-07-18,Nocturna,Provincia,6,2208,12813
2026-07-18,Nocturna,Provincia,7,3316,12813
2026-07-18,Nocturna,Provincia,8,4996,12813
2026-07-18,Nocturna,Provincia,9,9506,12813
2026-07-18,Nocturna,Provincia,10,7261,12813
2026-07-18,Nocturna,Provincia,11,0480,12813
2026-07-18,Nocturna,Provincia,12,5659,12813
2026-07-18,Nocturna,Provincia,13,5574,12813
2026-07-18,Nocturna,Provincia,14,7544,12813
2026-07-18,Nocturna,Provincia,15,5110,12813
2026-07-18,Nocturna,Provincia,16,4887,12813
2026-07-18,Nocturna,Provincia,17,2476,12813
2026-07-18,Nocturna,Provincia,18,7649,12813
2026-07-18,Nocturna,Provincia,19,3354,12813
2026-07-18,Nocturna,Provincia,20,7120,12813
2026-07-20,Nocturna,Provincia,1,5998,12814
2026-07-20,Nocturna,Provincia,2,0048,12814
2026-07-20,Nocturna,Provincia,3,9299,12814
2026-07-20,Nocturna,Provincia,4,6790,12814
2026-07-20,Nocturna,Provincia,5,8942,12814
2026-07-20,Nocturna,Provincia,6,0738,12814
2026-07-20,Nocturna,Provincia,7,5128,12814
2026-07-20,Nocturna,Provincia,8,3203,12814
2026-07-20,Nocturna,Provincia,9,2454,12814
2026-07-20,Nocturna,Provincia,10,6746,12814
2026-07-20,Nocturna,Provincia,11,7166,12814
2026-07-20,Nocturna,Provincia,12,9998,12814
2026-07-20,Nocturna,Provincia,13,3899,12814
2026-07-20,Nocturna,Provincia,14,1372,12814
2026-07-20,Nocturna,Provincia,15,7990,12814
2026-07-20,Nocturna,Provincia,16,2024,12814
2026-07-20,Nocturna,Provincia,17,8452,12814
2026-07-20,Nocturna,Provincia,18,1326,12814
2026-07-20,Nocturna,Provincia,19,7746,12814
2026-07-20,Nocturna,Provincia,20,0063,12814
2026-07-21,Nocturna,Provincia,1,0206,12815
2026-07-21,Nocturna,Provincia,2,3334,12815
2026-07-21,Nocturna,Provincia,3,6350,12815
2026-07-21,Nocturna,Provincia,4,2534,12815
2026-07-21,Nocturna,Provincia,5,2475,12815
2026-07-21,Nocturna,Provincia,6,5266,12815
2026-07-21,Nocturna,Provincia,7,1913,12815
2026-07-21,Nocturna,Provincia,8,2926,12815
2026-07-21,Nocturna,Provincia,9,4703,12815
2026-07-21,Nocturna,Provincia,10,5751,12815
2026-07-21,Nocturna,Provincia,11,1124,12815
2026-07-21,Nocturna,Provincia,12,2518,12815
2026-07-21,Nocturna,Provincia,13,3806,12815
2026-07-21,Nocturna,Provincia,14,2682,12815
2026-07-21,Nocturna,Provincia,15,5561,12815
2026-07-21,Nocturna,Provincia,16,0446,12815
2026-07-21,Nocturna,Provincia,17,3951,12815
2026-07-21,Nocturna,Provincia,18,3088,12815
2026-07-21,Nocturna,Provincia,19,7145,12815
2026-07-21,Nocturna,Provincia,20,1533,12815
2026-07-22,Nocturna,Provincia,1,6225,12816
2026-07-22,Nocturna,Provincia,2,4600,12816
2026-07-22,Nocturna,Provincia,3,0728,12816
2026-07-22,Nocturna,Provincia,4,6991,12816
2026-07-22,Nocturna,Provincia,5,1277,12816
2026-07-22,Nocturna,Provincia,6,9375,12816
2026-07-22,Nocturna,Provincia,7,2416,12816
2026-07-22,Nocturna,Provincia,8,2403,12816
2026-07-22,Nocturna,Provincia,9,6155,12816
2026-07-22,Nocturna,Provincia,10,5011,12816
2026-07-22,Nocturna,Provincia,11,2764,12816
2026-07-22,Nocturna,Provincia,12,8171,12816
2026-07-22,Nocturna,Provincia,13,9520,12816
2026-07-22,Nocturna,Provincia,14,6085,12816
2026-07-22,Nocturna,Provincia,15,9299,12816
2026-07-22,Nocturna,Provincia,16,7612,12816
2026-07-22,Nocturna,Provincia,17,5571,12816
2026-07-22,Nocturna,Provincia,18,1216,12816
2026-07-22,Nocturna,Provincia,19,9889,12816
2026-07-22,Nocturna,Provincia,20,3509,12816
2026-07-23,Nocturna,Provincia,1,5877,12817
2026-07-23,Nocturna,Provincia,2,1620,12817
2026-07-23,Nocturna,Provincia,3,2613,12817
2026-07-23,Nocturna,Provincia,4,6558,12817
2026-07-23,Nocturna,Provincia,5,2959,12817
2026-07-23,Nocturna,Provincia,6,6953,12817
2026-07-23,Nocturna,Provincia,7,5141,12817
2026-07-23,Nocturna,Provincia,8,4159,12817
2026-07-23,Nocturna,Provincia,9,4995,12817
2026-07-23,Nocturna,Provincia,10,2667,12817
2026-07-23,Nocturna,Provincia,11,5105,12817
2026-07-23,Nocturna,Provincia,12,3081,12817
2026-07-23,Nocturna,Provincia,13,6649,12817
2026-07-23,Nocturna,Provincia,14,9214,12817
2026-07-23,Nocturna,Provincia,15,9186,12817
2026-07-23,Nocturna,Provincia,16,5469,12817
2026-07-23,Nocturna,Provincia,17,4551,12817
2026-07-23,Nocturna,Provincia,18,4514,12817
2026-07-23,Nocturna,Provincia,19,0490,12817
2026-07-23,Nocturna,Provincia,20,9878,12817
2026-07-24,Nocturna,Provincia,1,7374,12818
2026-07-24,Nocturna,Provincia,2,8615,12818
2026-07-24,Nocturna,Provincia,3,6692,12818
2026-07-24,Nocturna,Provincia,4,8039,12818
2026-07-24,Nocturna,Provincia,5,6758,12818
2026-07-24,Nocturna,Provincia,6,5211,12818
2026-07-24,Nocturna,Provincia,7,4601,12818
2026-07-24,Nocturna,Provincia,8,6370,12818
2026-07-24,Nocturna,Provincia,9,0428,12818
2026-07-24,Nocturna,Provincia,10,3247,12818
2026-07-24,Nocturna,Provincia,11,6451,12818
2026-07-24,Nocturna,Provincia,12,3020,12818
2026-07-24,Nocturna,Provincia,13,8090,12818
2026-07-24,Nocturna,Provincia,14,8476,12818
2026-07-24,Nocturna,Provincia,15,6951,12818
2026-07-24,Nocturna,Provincia,16,6534,12818
2026-07-24,Nocturna,Provincia,17,7947,12818
2026-07-24,Nocturna,Provincia,18,0118,12818
2026-07-24,Nocturna,Provincia,19,6220,12818
2026-07-24,Nocturna,Provincia,20,3045,12818
2026-07-25,Nocturna,Provincia,1,4200,12819
2026-07-25,Nocturna,Provincia,2,5903,12819
2026-07-25,Nocturna,Provincia,3,6877,12819
2026-07-25,Nocturna,Provincia,4,3738,12819
2026-07-25,Nocturna,Provincia,5,0658,12819
2026-07-25,Nocturna,Provincia,6,5633,12819
2026-07-25,Nocturna,Provincia,7,5416,12819
2026-07-25,Nocturna,Provincia,8,2831,12819
2026-07-25,Nocturna,Provincia,9,6992,12819
2026-07-25,Nocturna,Provincia,10,4865,12819
2026-07-25,Nocturna,Provincia,11,4448,12819
2026-07-25,Nocturna,Provincia,12,4324,12819
2026-07-25,Nocturna,Provincia,13,8504,12819
2026-07-25,Nocturna,Provincia,14,9192,12819
2026-07-25,Nocturna,Provincia,15,7786,12819
2026-07-25,Nocturna,Provincia,16,4812,12819
2026-07-25,Nocturna,Provincia,17,3188,12819
2026-07-25,Nocturna,Provincia,18,6665,12819
2026-07-25,Nocturna,Provincia,19,3905,12819
2026-07-25,Nocturna,Provincia,20,5549,12819
2026-07-27,Nocturna,Provincia,1,6517,12820
2026-07-27,Nocturna,Provincia,2,9055,12820
2026-07-27,Nocturna,Provincia,3,2142,12820
2026-07-27,Nocturna,Provincia,4,9837,12820
2026-07-27,Nocturna,Provincia,5,5209,12820
2026-07-27,Nocturna,Provincia,6,1142,12820
2026-07-27,Nocturna,Provincia,7,5161,12820
2026-07-27,Nocturna,Provincia,8,6792,12820
2026-07-27,Nocturna,Provincia,9,9225,12820
2026-07-27,Nocturna,Provincia,10,7030,12820
2026-07-27,Nocturna,Provincia,11,5471,12820
2026-07-27,Nocturna,Provincia,12,5819,12820
2026-07-27,Nocturna,Provincia,13,9843,12820
2026-07-27,Nocturna,Provincia,14,3509,12820
2026-07-27,Nocturna,Provincia,15,8836,12820
2026-07-27,Nocturna,Provincia,16,9827,12820
2026-07-27,Nocturna,Provincia,17,4532,12820
2026-07-27,Nocturna,Provincia,18,8558,12820
2026-07-27,Nocturna,Provincia,19,6665,12820
2026-07-27,Nocturna,Provincia,20,7712,12820
2026-07-28,Nocturna,Provincia,1,1615,12821
2026-07-28,Nocturna,Provincia,2,4493,12821
2026-07-28,Nocturna,Provincia,3,2940,12821
2026-07-28,Nocturna,Provincia,4,9446,12821
2026-07-28,Nocturna,Provincia,5,3812,12821
2026-07-28,Nocturna,Provincia,6,2625,12821
2026-07-28,Nocturna,Provincia,7,6176,12821
2026-07-28,Nocturna,Provincia,8,1016,12821
2026-07-28,Nocturna,Provincia,9,0857,12821
2026-07-28,Nocturna,Provincia,10,5606,12821
2026-07-28,Nocturna,Provincia,11,2602,12821
2026-07-28,Nocturna,Provincia,12,9315,12821
2026-07-28,Nocturna,Provincia,13,6577,12821
2026-07-28,Nocturna,Provincia,14,7453,12821
2026-07-28,Nocturna,Provincia,15,3164,12821
2026-07-28,Nocturna,Provincia,16,5034,12821
2026-07-28,Nocturna,Provincia,17,1227,12821
2026-07-28,Nocturna,Provincia,18,3469,12821
2026-07-28,Nocturna,Provincia,19,1567,12821
2026-07-28,Nocturna,Provincia,20,1742,12821
2026-07-29,Nocturna,Provincia,1,3705,12822
2026-07-29,Nocturna,Provincia,2,3523,12822
2026-07-29,Nocturna,Provincia,3,8537,12822
2026-07-29,Nocturna,Provincia,4,5803,12822
2026-07-29,Nocturna,Provincia,5,6053,12822
2026-07-29,Nocturna,Provincia,6,4207,12822
2026-07-29,Nocturna,Provincia,7,4573,12822
2026-07-29,Nocturna,Provincia,8,9108,12822
2026-07-29,Nocturna,Provincia,9,7827,12822
2026-07-29,Nocturna,Provincia,10,7616,12822
2026-07-29,Nocturna,Provincia,11,0195,12822
2026-07-29,Nocturna,Provincia,12,7714,12822
2026-07-29,Nocturna,Provincia,13,2299,12822
2026-07-29,Nocturna,Provincia,14,7521,12822
2026-07-29,Nocturna,Provincia,15,8000,12822
2026-07-29,Nocturna,Provincia,16,9926,12822
2026-07-29,Nocturna,Provincia,17,0139,12822
2026-07-29,Nocturna,Provincia,18,4666,12822
2026-07-29,Nocturna,Provincia,19,8340,12822
2026-07-29,Nocturna,Provincia,20,6628,12822
2026-07-30,Nocturna,Provincia,1,0783,12823
2026-07-30,Nocturna,Provincia,2,0312,12823
2026-07-30,Nocturna,Provincia,3,0777,12823
2026-07-30,Nocturna,Provincia,4,6825,12823
2026-07-30,Nocturna,Provincia,5,3805,12823
2026-07-30,Nocturna,Provincia,6,4819,12823
2026-07-30,Nocturna,Provincia,7,7435,12823
2026-07-30,Nocturna,Provincia,8,2305,12823
2026-07-30,Nocturna,Provincia,9,2430,12823
2026-07-30,Nocturna,Provincia,10,9594,12823
2026-07-30,Nocturna,Provincia,11,1691,12823
2026-07-30,Nocturna,Provincia,12,7556,12823
2026-07-30,Nocturna,Provincia,13,5832,12823
2026-07-30,Nocturna,Provincia,14,7871,12823
2026-07-30,Nocturna,Provincia,15,5708,12823
2026-07-30,Nocturna,Provincia,16,6252,12823
2026-07-30,Nocturna,Provincia,17,2122,12823
2026-07-30,Nocturna,Provincia,18,3749,12823
2026-07-30,Nocturna,Provincia,19,7347,12823
2026-07-30,Nocturna,Provincia,20,4223,12823
